Postcard,Label
Postcard/PO0001,Postcard from Chen Cheng-po to Ishikawa Ichimizu 
Postcard/PO0002,Postcard from Kinichiro Ishikawa to Chen Cheng-po
Postcard/PO0003,Postcard from Lin Yushan to Chen Cheng-po
Postcard/PO0004,Postcard from Wu Wenlong to Chen Cheng-po
Postcard/PO0005,Postcard from Chen Cheng-po to His Eldest Daughter Ziwei
Postcard/PO0006,Postcard from Zhou Yuanzhu to Chen Cheng-po
Postcard/PO0007,Letter from Ishikawa Kinichiro to Chen Cheng-po
Postcard/PO0008,Letter from Chen Cheng-po to His Eldest Son Chen Tsung-kuang
Postcard/PO0009,Letter from Chen Cheng-po to His Eldest Son Chen Tsung-kuang_2
Postcard/PO0010,Postcard from Chen Yuyi to Chen Cheng-po
Postcard/PO0011,Postcard from Lin Jingshan to Chen Cheng-po
Postcard/PO0012,Postcard from Chen Yaoqi to Chen Cheng-po
Postcard/PO0013,"Postcard from Chen Cheng-po to His Two Daughters, Ziwei and Bi-nu"
Postcard/PO0014,Postcard from Chen Cheng-po to His Eldest Daughter Ziwei_2
Postcard/PO0015,Postcard from Liao Chi-chun to Chen Cheng-po 
Postcard/PO0016,Postcard from Pan Yuliang and Pan Zanhua to Chen Cheng-po
Postcard/PO0017,Postcard from Chen Cheng-po to His Eldest Daughter Ziwei_3
Postcard/PO0018,Postcard from Chen Cheng-po to His Eldest Daughter Ziwei_4
Postcard/PO0019,Postcard from Chen Cheng-po to His Eldest Daughter Ziwei_5
Postcard/PO0020,Postcard from Li Meishu to Chen Cheng-po
Postcard/PO0021,Postcard from Chen Cheng-po to His Eldest Daughter Ziwei_6
Postcard/PO0022,Postcard from Liao Chi-chun and Lin Qiongxian to Chen Cheng-po
Postcard/PO0023,"Postcard from Chen Cheng-po to Ziwei, Tsung-kuang, and Shuzhen"
Postcard/PO0024,Postcard from Chen Cheng-po to His Eldest Son Tsung-kuang
Postcard/PO0025,Postcard from Chen Cheng-po to His Daughter Bi-nu and Son Tsung-kuang 
Postcard/PO0026,Postcard from Chen Cheng-po to His Daughter Bi-nu
Postcard/PO0027,Postcard sent from Chen Cheng-po to Bi-nu and Tsung-kuang_2
Postcard/PO0028,A Postcard from Chen Cheng-po to Chen Bi-nu_2
Postcard/PO0029,Postcard from Chen Cheng-po to Chen Tsung-kuang_2
Postcard/PO0030,Postcard from Liao Chi-chun to Chen Cheng-po
Postcard/PO0031,Postcard from Chen Yaoqi to Chen Cheng-po_2
Postcard/PO0032,Postcard from Chen Jin to Chen Cheng-po
Postcard/PO0033,Postcard from Yang Ruicong to Yang Ying-wu
