Person 1,Relationship,Person 2
http://linkedart.ascdc.tw/lod/Person/PR0115,http://vocab.getty.edu/ontology#ulan1512_parent_of,http://linkedart.ascdc.tw/lod/Person/PR0143
http://linkedart.ascdc.tw/lod/Person/PR0077,http://vocab.getty.edu/ontology#ulan2550_friend_of,http://linkedart.ascdc.tw/lod/Person/PR0009
http://linkedart.ascdc.tw/lod/Person/PR0095,http://vocab.getty.edu/ontology#ulan1511_child_of,http://linkedart.ascdc.tw/lod/Person/PR0442
http://linkedart.ascdc.tw/lod/Person/PR0023,http://vocab.getty.edu/ontology#ulan2550_friend_of,http://linkedart.ascdc.tw/lod/Person/PR0041
http://linkedart.ascdc.tw/lod/Person/PR0013,http://vocab.getty.edu/ontology#ulan1541_spouse_of,http://linkedart.ascdc.tw/lod/Person/PR0114
http://linkedart.ascdc.tw/lod/Person/PR0412,http://vocab.getty.edu/ontology#ulan1541_spouse_of,http://linkedart.ascdc.tw/lod/Person/PR0058
http://linkedart.ascdc.tw/lod/Person/PR0059,http://vocab.getty.edu/ontology#ulan1511_child_of,http://linkedart.ascdc.tw/lod/Person/PR0485
http://linkedart.ascdc.tw/lod/Person/PR0204,http://vocab.getty.edu/ontology#ulan1541_spouse_of,http://linkedart.ascdc.tw/lod/Person/PR0001
http://linkedart.ascdc.tw/lod/Person/PR0463,http://vocab.getty.edu/ontology#ulan1512_parent_of,http://linkedart.ascdc.tw/lod/Person/PR0467
http://linkedart.ascdc.tw/lod/Person/PR0010,http://vocab.getty.edu/ontology#ulan2550_friend_of,http://linkedart.ascdc.tw/lod/Person/PR0086
http://linkedart.ascdc.tw/lod/Person/PR0120,http://vocab.getty.edu/ontology#ulan1511_child_of,http://linkedart.ascdc.tw/lod/Person/PR0007
http://linkedart.ascdc.tw/lod/Person/PR0165,http://vocab.getty.edu/ontology#ulan1511_child_of,http://linkedart.ascdc.tw/lod/Person/PR0009
http://linkedart.ascdc.tw/lod/Person/PR0123,http://vocab.getty.edu/ontology#ulan1511_child_of,http://linkedart.ascdc.tw/lod/Person/PR0115
http://linkedart.ascdc.tw/lod/Person/PR0009,http://vocab.getty.edu/ontology#ulan1512_parent_of,http://linkedart.ascdc.tw/lod/Person/PR0163
http://linkedart.ascdc.tw/lod/Person/PR0209,http://vocab.getty.edu/ontology#ulan1511_child_of,http://linkedart.ascdc.tw/lod/Person/PR0439
http://linkedart.ascdc.tw/lod/Person/PR0102,http://vocab.getty.edu/ontology#ulan1541_spouse_of,http://linkedart.ascdc.tw/lod/Person/PR0100
http://linkedart.ascdc.tw/lod/Person/PR0095,http://vocab.getty.edu/ontology#ulan1541_spouse_of,http://linkedart.ascdc.tw/lod/Person/PR0443
http://linkedart.ascdc.tw/lod/Person/PR0440,http://vocab.getty.edu/ontology#ulan1541_spouse_of,http://linkedart.ascdc.tw/lod/Person/PR0209
http://linkedart.ascdc.tw/lod/Person/PR0023,http://vocab.getty.edu/ontology#ulan2550_friend_of,http://linkedart.ascdc.tw/lod/Person/PR0007
http://linkedart.ascdc.tw/lod/Person/PR0037,http://vocab.getty.edu/ontology#ulan2550_friend_of,http://linkedart.ascdc.tw/lod/Person/PR0003
http://linkedart.ascdc.tw/lod/Person/PR0054,http://vocab.getty.edu/ontology#ulan2550_friend_of,http://linkedart.ascdc.tw/lod/Person/PR0011
http://linkedart.ascdc.tw/lod/Person/PR0005,http://vocab.getty.edu/ontology#ulan2550_friend_of,http://linkedart.ascdc.tw/lod/Person/PR0015
http://linkedart.ascdc.tw/lod/Person/PR0006,http://vocab.getty.edu/ontology#ulan1512_parent_of,http://linkedart.ascdc.tw/lod/Person/PR0130
http://linkedart.ascdc.tw/lod/Person/PR0493,http://vocab.getty.edu/ontology#ulan1512_parent_of,http://linkedart.ascdc.tw/lod/Person/PR0079
http://linkedart.ascdc.tw/lod/Person/PR0233,http://vocab.getty.edu/ontology#ulan2550_friend_of,http://linkedart.ascdc.tw/lod/Person/PR0001
http://linkedart.ascdc.tw/lod/Person/PR0150,http://vocab.getty.edu/ontology#ulan1511_child_of,http://linkedart.ascdc.tw/lod/Person/PR0008
http://linkedart.ascdc.tw/lod/Person/PR0211,http://vocab.getty.edu/ontology#ulan1512_parent_of,http://linkedart.ascdc.tw/lod/Person/PR0459
http://linkedart.ascdc.tw/lod/Person/PR0095,http://vocab.getty.edu/ontology#ulan2550_friend_of,http://linkedart.ascdc.tw/lod/Person/PR0001
http://linkedart.ascdc.tw/lod/Person/PR0188,http://vocab.getty.edu/ontology#ulan1550_relative_by_marriage,http://linkedart.ascdc.tw/lod/Person/PR0137
http://linkedart.ascdc.tw/lod/Person/PR0008,http://vocab.getty.edu/ontology#ulan1511_child_of,http://linkedart.ascdc.tw/lod/Person/PR0147
http://linkedart.ascdc.tw/lod/Person/PR0144,http://vocab.getty.edu/ontology#ulan1511_child_of,http://linkedart.ascdc.tw/lod/Person/PR0205
http://linkedart.ascdc.tw/lod/Person/PR0095,http://vocab.getty.edu/ontology#ulan1511_child_of,http://linkedart.ascdc.tw/lod/Person/PR0444
http://linkedart.ascdc.tw/lod/Person/PR0009,http://vocab.getty.edu/ontology#ulan1512_parent_of,http://linkedart.ascdc.tw/lod/Person/PR0166
http://linkedart.ascdc.tw/lod/Person/PR0003,http://vocab.getty.edu/ontology#ulan1511_child_of,http://linkedart.ascdc.tw/lod/Person/PR0102
http://linkedart.ascdc.tw/lod/Person/PR0095,http://vocab.getty.edu/ontology#ulan2550_friend_of,http://linkedart.ascdc.tw/lod/Person/PR0293
http://linkedart.ascdc.tw/lod/Person/PR0093,http://vocab.getty.edu/ontology#ulan1511_child_of,http://linkedart.ascdc.tw/lod/Person/PR0469
http://linkedart.ascdc.tw/lod/Person/PR0496,http://vocab.getty.edu/ontology#ulan1541_spouse_of,http://linkedart.ascdc.tw/lod/Person/PR0079
http://linkedart.ascdc.tw/lod/Person/PR0210,http://vocab.getty.edu/ontology#ulan2550_friend_of,http://linkedart.ascdc.tw/lod/Person/PR0300
http://linkedart.ascdc.tw/lod/Person/PR0467,http://vocab.getty.edu/ontology#ulan1511_child_of,http://linkedart.ascdc.tw/lod/Person/PR0463
http://linkedart.ascdc.tw/lod/Person/PR0083,http://vocab.getty.edu/ontology#ulan1541_spouse_of,http://linkedart.ascdc.tw/lod/Person/PR0004
http://linkedart.ascdc.tw/lod/Person/PR0173,http://vocab.getty.edu/ontology#ulan1512_parent_of,http://linkedart.ascdc.tw/lod/Person/PR0172
http://linkedart.ascdc.tw/lod/Person/PR0008,http://vocab.getty.edu/ontology#ulan2550_friend_of,http://linkedart.ascdc.tw/lod/Person/PR0052
http://linkedart.ascdc.tw/lod/Person/PR0116,http://vocab.getty.edu/ontology#ulan1512_parent_of,http://linkedart.ascdc.tw/lod/Person/PR0159
http://linkedart.ascdc.tw/lod/Person/PR0079,http://vocab.getty.edu/ontology#ulan2550_friend_of,http://linkedart.ascdc.tw/lod/Person/PR0394
http://linkedart.ascdc.tw/lod/Person/PR0009,http://vocab.getty.edu/ontology#ulan2550_friend_of,http://linkedart.ascdc.tw/lod/Person/PR0038
http://linkedart.ascdc.tw/lod/Person/PR0058,http://vocab.getty.edu/ontology#ulan2550_friend_of,http://linkedart.ascdc.tw/lod/Person/PR0014
http://linkedart.ascdc.tw/lod/Person/PR0068,http://vocab.getty.edu/ontology#ulan2550_friend_of,http://linkedart.ascdc.tw/lod/Person/PR0012
http://linkedart.ascdc.tw/lod/Person/PR0093,http://vocab.getty.edu/ontology#ulan2550_friend_of,http://linkedart.ascdc.tw/lod/Person/PR0290
http://linkedart.ascdc.tw/lod/Person/PR0012,http://vocab.getty.edu/ontology#ulan2550_friend_of,http://linkedart.ascdc.tw/lod/Person/PR0076
http://linkedart.ascdc.tw/lod/Person/PR0497,http://vocab.getty.edu/ontology#ulan1541_spouse_of,http://linkedart.ascdc.tw/lod/Person/PR0079
http://linkedart.ascdc.tw/lod/Person/PR0284,http://vocab.getty.edu/ontology#ulan2550_friend_of,http://linkedart.ascdc.tw/lod/Person/PR0210
http://linkedart.ascdc.tw/lod/Person/PR0006,http://vocab.getty.edu/ontology#ulan2550_friend_of,http://linkedart.ascdc.tw/lod/Person/PR0013
http://linkedart.ascdc.tw/lod/Person/PR0008,http://vocab.getty.edu/ontology#ulan1511_child_of,http://linkedart.ascdc.tw/lod/Person/PR0148
http://linkedart.ascdc.tw/lod/Person/PR0176,http://vocab.getty.edu/ontology#ulan1511_child_of,http://linkedart.ascdc.tw/lod/Person/PR0011
http://linkedart.ascdc.tw/lod/Person/PR0450,http://vocab.getty.edu/ontology#ulan1541_spouse_of,http://linkedart.ascdc.tw/lod/Person/PR0211
http://linkedart.ascdc.tw/lod/Person/PR0167,http://vocab.getty.edu/ontology#ulan1511_child_of,http://linkedart.ascdc.tw/lod/Person/PR0009
http://linkedart.ascdc.tw/lod/Person/PR0196,http://vocab.getty.edu/ontology#ulan1511_child_of,http://linkedart.ascdc.tw/lod/Person/PR0014
http://linkedart.ascdc.tw/lod/Person/PR0058,http://vocab.getty.edu/ontology#ulan1512_parent_of,http://linkedart.ascdc.tw/lod/Person/PR0408
http://linkedart.ascdc.tw/lod/Person/PR0406,http://vocab.getty.edu/ontology#ulan1511_child_of,http://linkedart.ascdc.tw/lod/Person/PR0058
http://linkedart.ascdc.tw/lod/Person/PR0041,http://vocab.getty.edu/ontology#ulan2550_friend_of,http://linkedart.ascdc.tw/lod/Person/PR0004
http://linkedart.ascdc.tw/lod/Person/PR0121,http://vocab.getty.edu/ontology#ulan1512_parent_of,http://linkedart.ascdc.tw/lod/Person/PR0143
http://linkedart.ascdc.tw/lod/Person/PR0217,http://vocab.getty.edu/ontology#ulan2550_friend_of,http://linkedart.ascdc.tw/lod/Person/PR0001
http://linkedart.ascdc.tw/lod/Person/PR0419,http://vocab.getty.edu/ontology#ulan1511_child_of,http://linkedart.ascdc.tw/lod/Person/PR0210
http://linkedart.ascdc.tw/lod/Person/PR0198,http://vocab.getty.edu/ontology#ulan1511_child_of,http://linkedart.ascdc.tw/lod/Person/PR0200
http://linkedart.ascdc.tw/lod/Person/PR0011,http://vocab.getty.edu/ontology#ulan1512_parent_of,http://linkedart.ascdc.tw/lod/Person/PR0174
http://linkedart.ascdc.tw/lod/Person/PR0097,http://vocab.getty.edu/ontology#ulan1511_child_of,http://linkedart.ascdc.tw/lod/Person/PR0001
http://linkedart.ascdc.tw/lod/Person/PR0104,http://vocab.getty.edu/ontology#ulan1511_child_of,http://linkedart.ascdc.tw/lod/Person/PR0003
http://linkedart.ascdc.tw/lod/Person/PR0004,http://vocab.getty.edu/ontology#ulan1541_spouse_of,http://linkedart.ascdc.tw/lod/Person/PR0083
http://linkedart.ascdc.tw/lod/Person/PR0191,http://vocab.getty.edu/ontology#ulan1512_parent_of,http://linkedart.ascdc.tw/lod/Person/PR0199
http://linkedart.ascdc.tw/lod/Person/PR0421,http://vocab.getty.edu/ontology#ulan1541_spouse_of,http://linkedart.ascdc.tw/lod/Person/PR0210
http://linkedart.ascdc.tw/lod/Person/PR0151,http://vocab.getty.edu/ontology#ulan1511_child_of,http://linkedart.ascdc.tw/lod/Person/PR0008
http://linkedart.ascdc.tw/lod/Person/PR0009,http://vocab.getty.edu/ontology#ulan1512_parent_of,http://linkedart.ascdc.tw/lod/Person/PR0167
http://linkedart.ascdc.tw/lod/Person/PR0009,http://vocab.getty.edu/ontology#ulan2550_friend_of,http://linkedart.ascdc.tw/lod/Person/PR0063
http://linkedart.ascdc.tw/lod/Person/PR0210,http://vocab.getty.edu/ontology#ulan1511_child_of,http://linkedart.ascdc.tw/lod/Person/PR0418
http://linkedart.ascdc.tw/lod/Person/PR0457,http://vocab.getty.edu/ontology#ulan1512_parent_of,http://linkedart.ascdc.tw/lod/Person/PR0211
http://linkedart.ascdc.tw/lod/Person/PR0441,http://vocab.getty.edu/ontology#ulan1541_spouse_of,http://linkedart.ascdc.tw/lod/Person/PR0209
http://linkedart.ascdc.tw/lod/Person/PR0090,http://vocab.getty.edu/ontology#ulan2550_friend_of,http://linkedart.ascdc.tw/lod/Person/PR0008
http://linkedart.ascdc.tw/lod/Person/PR0001,http://vocab.getty.edu/ontology#ulan1512_parent_of,http://linkedart.ascdc.tw/lod/Person/PR0053
http://linkedart.ascdc.tw/lod/Person/PR0115,http://vocab.getty.edu/ontology#ulan1541_spouse_of,http://linkedart.ascdc.tw/lod/Person/PR0121
http://linkedart.ascdc.tw/lod/Person/PR0435,http://vocab.getty.edu/ontology#ulan1511_child_of,http://linkedart.ascdc.tw/lod/Person/PR0041
http://linkedart.ascdc.tw/lod/Person/PR0138,http://vocab.getty.edu/ontology#ulan1511_child_of,http://linkedart.ascdc.tw/lod/Person/PR0007
http://linkedart.ascdc.tw/lod/Person/PR0095,http://vocab.getty.edu/ontology#ulan2550_friend_of,http://linkedart.ascdc.tw/lod/Person/PR0009
http://linkedart.ascdc.tw/lod/Person/PR0125,http://vocab.getty.edu/ontology#ulan1541_spouse_of,http://linkedart.ascdc.tw/lod/Person/PR0133
http://linkedart.ascdc.tw/lod/Person/PR0188,http://vocab.getty.edu/ontology#ulan1511_child_of,http://linkedart.ascdc.tw/lod/Person/PR0002
http://linkedart.ascdc.tw/lod/Person/PR0416,http://vocab.getty.edu/ontology#ulan1512_parent_of,http://linkedart.ascdc.tw/lod/Person/PR0421
http://linkedart.ascdc.tw/lod/Person/PR0250,http://vocab.getty.edu/ontology#ulan2550_friend_of,http://linkedart.ascdc.tw/lod/Person/PR0003
http://linkedart.ascdc.tw/lod/Person/PR0003,http://vocab.getty.edu/ontology#ulan1511_child_of,http://linkedart.ascdc.tw/lod/Person/PR0100
http://linkedart.ascdc.tw/lod/Person/PR0084,http://vocab.getty.edu/ontology#ulan2550_friend_of,http://linkedart.ascdc.tw/lod/Person/PR0009
http://linkedart.ascdc.tw/lod/Person/PR0084,http://vocab.getty.edu/ontology#ulan2550_friend_of,http://linkedart.ascdc.tw/lod/Person/PR0058
http://linkedart.ascdc.tw/lod/Person/PR0210,http://vocab.getty.edu/ontology#ulan1541_spouse_of,http://linkedart.ascdc.tw/lod/Person/PR0414
http://linkedart.ascdc.tw/lod/Person/PR0093,http://vocab.getty.edu/ontology#ulan2550_friend_of,http://linkedart.ascdc.tw/lod/Person/PR0307
http://linkedart.ascdc.tw/lod/Person/PR0079,http://vocab.getty.edu/ontology#ulan1512_parent_of,http://linkedart.ascdc.tw/lod/Person/PR0490
http://linkedart.ascdc.tw/lod/Person/PR0444,http://vocab.getty.edu/ontology#ulan1512_parent_of,http://linkedart.ascdc.tw/lod/Person/PR0095
http://linkedart.ascdc.tw/lod/Person/PR0092,http://vocab.getty.edu/ontology#ulan2550_friend_of,http://linkedart.ascdc.tw/lod/Person/PR0010
http://linkedart.ascdc.tw/lod/Person/PR0084,http://vocab.getty.edu/ontology#ulan2550_friend_of,http://linkedart.ascdc.tw/lod/Person/PR0037
http://linkedart.ascdc.tw/lod/Person/PR0093,http://vocab.getty.edu/ontology#ulan1512_parent_of,http://linkedart.ascdc.tw/lod/Person/PR0472
http://linkedart.ascdc.tw/lod/Person/PR0200,http://vocab.getty.edu/ontology#ulan1512_parent_of,http://linkedart.ascdc.tw/lod/Person/PR0015
http://linkedart.ascdc.tw/lod/Person/PR0300,http://vocab.getty.edu/ontology#ulan2550_friend_of,http://linkedart.ascdc.tw/lod/Person/PR0210
http://linkedart.ascdc.tw/lod/Person/PR0498,http://vocab.getty.edu/ontology#ulan1512_parent_of,http://linkedart.ascdc.tw/lod/Person/PR0496
http://linkedart.ascdc.tw/lod/Person/PR0011,http://vocab.getty.edu/ontology#ulan1512_parent_of,http://linkedart.ascdc.tw/lod/Person/PR0179
http://linkedart.ascdc.tw/lod/Person/PR0335,http://vocab.getty.edu/ontology#ulan2550_friend_of,http://linkedart.ascdc.tw/lod/Person/PR0294
http://linkedart.ascdc.tw/lod/Person/PR0200,http://vocab.getty.edu/ontology#ulan1541_spouse_of,http://linkedart.ascdc.tw/lod/Person/PR0203
http://linkedart.ascdc.tw/lod/Person/PR0010,http://vocab.getty.edu/ontology#ulan2550_friend_of,http://linkedart.ascdc.tw/lod/Person/PR0092
http://linkedart.ascdc.tw/lod/Person/PR0210,http://vocab.getty.edu/ontology#ulan1511_child_of,http://linkedart.ascdc.tw/lod/Person/PR0420
http://linkedart.ascdc.tw/lod/Person/PR0469,http://vocab.getty.edu/ontology#ulan1541_spouse_of,http://linkedart.ascdc.tw/lod/Person/PR0473
http://linkedart.ascdc.tw/lod/Person/PR0159,http://vocab.getty.edu/ontology#ulan1511_child_of,http://linkedart.ascdc.tw/lod/Person/PR0009
http://linkedart.ascdc.tw/lod/Person/PR0115,http://vocab.getty.edu/ontology#ulan1512_parent_of,http://linkedart.ascdc.tw/lod/Person/PR0007
http://linkedart.ascdc.tw/lod/Person/PR0005,http://vocab.getty.edu/ontology#ulan2550_friend_of,http://linkedart.ascdc.tw/lod/Person/PR0009
http://linkedart.ascdc.tw/lod/Person/PR0041,http://vocab.getty.edu/ontology#ulan1512_parent_of,http://linkedart.ascdc.tw/lod/Person/PR0433
http://linkedart.ascdc.tw/lod/Person/PR0009,http://vocab.getty.edu/ontology#ulan1512_parent_of,http://linkedart.ascdc.tw/lod/Person/PR0161
http://linkedart.ascdc.tw/lod/Person/PR0084,http://vocab.getty.edu/ontology#ulan2550_friend_of,http://linkedart.ascdc.tw/lod/Person/PR0041
http://linkedart.ascdc.tw/lod/Person/PR0274,http://vocab.getty.edu/ontology#ulan2550_friend_of,http://linkedart.ascdc.tw/lod/Person/PR0210
http://linkedart.ascdc.tw/lod/Person/PR0409,http://vocab.getty.edu/ontology#ulan1511_child_of,http://linkedart.ascdc.tw/lod/Person/PR0058
http://linkedart.ascdc.tw/lod/Person/PR0117,http://vocab.getty.edu/ontology#ulan1512_parent_of,http://linkedart.ascdc.tw/lod/Person/PR0011
http://linkedart.ascdc.tw/lod/Person/PR0087,http://vocab.getty.edu/ontology#ulan2550_friend_of,http://linkedart.ascdc.tw/lod/Person/PR0012
http://linkedart.ascdc.tw/lod/Person/PR0059,http://vocab.getty.edu/ontology#ulan2550_friend_of,http://linkedart.ascdc.tw/lod/Person/PR0297
http://linkedart.ascdc.tw/lod/Person/PR0079,http://vocab.getty.edu/ontology#ulan1512_parent_of,http://linkedart.ascdc.tw/lod/Person/PR0495
http://linkedart.ascdc.tw/lod/Person/PR0084,http://vocab.getty.edu/ontology#ulan2550_friend_of,http://linkedart.ascdc.tw/lod/Person/PR0389
http://linkedart.ascdc.tw/lod/Person/PR0068,http://vocab.getty.edu/ontology#ulan2550_friend_of,http://linkedart.ascdc.tw/lod/Person/PR0041
http://linkedart.ascdc.tw/lod/Person/PR0008,http://vocab.getty.edu/ontology#ulan1512_parent_of,http://linkedart.ascdc.tw/lod/Person/PR0151
http://linkedart.ascdc.tw/lod/Person/PR0197,http://vocab.getty.edu/ontology#ulan1511_child_of,http://linkedart.ascdc.tw/lod/Person/PR0198
http://linkedart.ascdc.tw/lod/Person/PR0124,http://vocab.getty.edu/ontology#ulan1511_child_of,http://linkedart.ascdc.tw/lod/Person/PR0121
http://linkedart.ascdc.tw/lod/Person/PR0011,http://vocab.getty.edu/ontology#ulan1511_child_of,http://linkedart.ascdc.tw/lod/Person/PR0182
http://linkedart.ascdc.tw/lod/Person/PR0004,http://vocab.getty.edu/ontology#ulan1511_child_of,http://linkedart.ascdc.tw/lod/Person/PR0184
http://linkedart.ascdc.tw/lod/Person/PR0110,http://vocab.getty.edu/ontology#ulan1541_spouse_of,http://linkedart.ascdc.tw/lod/Person/PR0101
http://linkedart.ascdc.tw/lod/Person/PR0451,http://vocab.getty.edu/ontology#ulan1541_spouse_of,http://linkedart.ascdc.tw/lod/Person/PR0211
http://linkedart.ascdc.tw/lod/Person/PR0358,http://vocab.getty.edu/ontology#ulan2550_friend_of,http://linkedart.ascdc.tw/lod/Person/PR0059
http://linkedart.ascdc.tw/lod/Person/PR0014,http://vocab.getty.edu/ontology#ulan1541_spouse_of,http://linkedart.ascdc.tw/lod/Person/PR0118
http://linkedart.ascdc.tw/lod/Person/PR0008,http://vocab.getty.edu/ontology#ulan2550_friend_of,http://linkedart.ascdc.tw/lod/Person/PR0090
http://linkedart.ascdc.tw/lod/Person/PR0084,http://vocab.getty.edu/ontology#ulan1511_child_of,http://linkedart.ascdc.tw/lod/Person/PR0422
http://linkedart.ascdc.tw/lod/Person/PR0005,http://vocab.getty.edu/ontology#ulan2550_friend_of,http://linkedart.ascdc.tw/lod/Person/PR0041
http://linkedart.ascdc.tw/lod/Person/PR0210,http://vocab.getty.edu/ontology#ulan2550_friend_of,http://linkedart.ascdc.tw/lod/Person/PR0079
http://linkedart.ascdc.tw/lod/Person/PR0307,http://vocab.getty.edu/ontology#ulan2550_friend_of,http://linkedart.ascdc.tw/lod/Person/PR0093
http://linkedart.ascdc.tw/lod/Person/PR0203,http://vocab.getty.edu/ontology#ulan1512_parent_of,http://linkedart.ascdc.tw/lod/Person/PR0197
http://linkedart.ascdc.tw/lod/Person/PR0407,http://vocab.getty.edu/ontology#ulan1511_child_of,http://linkedart.ascdc.tw/lod/Person/PR0058
http://linkedart.ascdc.tw/lod/Person/PR0439,http://vocab.getty.edu/ontology#ulan1512_parent_of,http://linkedart.ascdc.tw/lod/Person/PR0209
http://linkedart.ascdc.tw/lod/Person/PR0120,http://vocab.getty.edu/ontology#ulan1511_child_of,http://linkedart.ascdc.tw/lod/Person/PR0205
http://linkedart.ascdc.tw/lod/Person/PR0005,http://vocab.getty.edu/ontology#ulan2550_friend_of,http://linkedart.ascdc.tw/lod/Person/PR0007
http://linkedart.ascdc.tw/lod/Person/PR0211,http://vocab.getty.edu/ontology#ulan1541_spouse_of,http://linkedart.ascdc.tw/lod/Person/PR0450
http://linkedart.ascdc.tw/lod/Person/PR0209,http://vocab.getty.edu/ontology#ulan1541_spouse_of,http://linkedart.ascdc.tw/lod/Person/PR0441
http://linkedart.ascdc.tw/lod/Person/PR0490,http://vocab.getty.edu/ontology#ulan1511_child_of,http://linkedart.ascdc.tw/lod/Person/PR0079
http://linkedart.ascdc.tw/lod/Person/PR0064,http://vocab.getty.edu/ontology#ulan2550_friend_of,http://linkedart.ascdc.tw/lod/Person/PR0009
http://linkedart.ascdc.tw/lod/Person/PR0201,http://vocab.getty.edu/ontology#ulan1511_child_of,http://linkedart.ascdc.tw/lod/Person/PR0112
http://linkedart.ascdc.tw/lod/Person/PR0115,http://vocab.getty.edu/ontology#ulan1512_parent_of,http://linkedart.ascdc.tw/lod/Person/PR0122
http://linkedart.ascdc.tw/lod/Person/PR0011,http://vocab.getty.edu/ontology#ulan2550_friend_of,http://linkedart.ascdc.tw/lod/Person/PR0049
http://linkedart.ascdc.tw/lod/Person/PR0190,http://vocab.getty.edu/ontology#ulan1541_spouse_of,http://linkedart.ascdc.tw/lod/Person/PR0105
http://linkedart.ascdc.tw/lod/Person/PR0290,http://vocab.getty.edu/ontology#ulan2550_friend_of,http://linkedart.ascdc.tw/lod/Person/PR0093
http://linkedart.ascdc.tw/lod/Person/PR0081,http://vocab.getty.edu/ontology#ulan2550_friend_of,http://linkedart.ascdc.tw/lod/Person/PR0008
http://linkedart.ascdc.tw/lod/Person/PR0491,http://vocab.getty.edu/ontology#ulan1511_child_of,http://linkedart.ascdc.tw/lod/Person/PR0079
http://linkedart.ascdc.tw/lod/Person/PR0041,http://vocab.getty.edu/ontology#ulan2550_friend_of,http://linkedart.ascdc.tw/lod/Person/PR0084
http://linkedart.ascdc.tw/lod/Person/PR0483,http://vocab.getty.edu/ontology#ulan1541_spouse_of,http://linkedart.ascdc.tw/lod/Person/PR0480
http://linkedart.ascdc.tw/lod/Person/PR0095,http://vocab.getty.edu/ontology#ulan1512_parent_of,http://linkedart.ascdc.tw/lod/Person/PR0448
http://linkedart.ascdc.tw/lod/Person/PR0250,http://vocab.getty.edu/ontology#ulan2550_friend_of,http://linkedart.ascdc.tw/lod/Person/PR0006
http://linkedart.ascdc.tw/lod/Person/PR0005,http://vocab.getty.edu/ontology#ulan1541_spouse_of,http://linkedart.ascdc.tw/lod/Person/PR0112
http://linkedart.ascdc.tw/lod/Person/PR0195,http://vocab.getty.edu/ontology#ulan1511_child_of,http://linkedart.ascdc.tw/lod/Person/PR0014
http://linkedart.ascdc.tw/lod/Person/PR0191,http://vocab.getty.edu/ontology#ulan1541_spouse_of,http://linkedart.ascdc.tw/lod/Person/PR0015
http://linkedart.ascdc.tw/lod/Person/PR0203,http://vocab.getty.edu/ontology#ulan1512_parent_of,http://linkedart.ascdc.tw/lod/Person/PR0015
http://linkedart.ascdc.tw/lod/Person/PR0115,http://vocab.getty.edu/ontology#ulan1512_parent_of,http://linkedart.ascdc.tw/lod/Person/PR0119
http://linkedart.ascdc.tw/lod/Person/PR0469,http://vocab.getty.edu/ontology#ulan1512_parent_of,http://linkedart.ascdc.tw/lod/Person/PR0093
http://linkedart.ascdc.tw/lod/Person/PR0007,http://vocab.getty.edu/ontology#ulan2550_friend_of,http://linkedart.ascdc.tw/lod/Person/PR0058
http://linkedart.ascdc.tw/lod/Person/PR0001,http://vocab.getty.edu/ontology#ulan2550_friend_of,http://linkedart.ascdc.tw/lod/Person/PR0095
http://linkedart.ascdc.tw/lod/Person/PR0483,http://vocab.getty.edu/ontology#ulan1512_parent_of,http://linkedart.ascdc.tw/lod/Person/PR0059
http://linkedart.ascdc.tw/lod/Person/PR0015,http://vocab.getty.edu/ontology#ulan2550_friend_of,http://linkedart.ascdc.tw/lod/Person/PR0005
http://linkedart.ascdc.tw/lod/Person/PR0011,http://vocab.getty.edu/ontology#ulan1511_child_of,http://linkedart.ascdc.tw/lod/Person/PR0117
http://linkedart.ascdc.tw/lod/Person/PR0058,http://vocab.getty.edu/ontology#ulan1541_spouse_of,http://linkedart.ascdc.tw/lod/Person/PR0412
http://linkedart.ascdc.tw/lod/Person/PR0211,http://vocab.getty.edu/ontology#ulan1511_child_of,http://linkedart.ascdc.tw/lod/Person/PR0457
http://linkedart.ascdc.tw/lod/Person/PR0496,http://vocab.getty.edu/ontology#ulan1511_child_of,http://linkedart.ascdc.tw/lod/Person/PR0498
http://linkedart.ascdc.tw/lod/Person/PR0433,http://vocab.getty.edu/ontology#ulan1511_child_of,http://linkedart.ascdc.tw/lod/Person/PR0041
http://linkedart.ascdc.tw/lod/Person/PR0013,http://vocab.getty.edu/ontology#ulan2550_friend_of,http://linkedart.ascdc.tw/lod/Person/PR0094
http://linkedart.ascdc.tw/lod/Person/PR0009,http://vocab.getty.edu/ontology#ulan1512_parent_of,http://linkedart.ascdc.tw/lod/Person/PR0165
http://linkedart.ascdc.tw/lod/Person/PR0005,http://vocab.getty.edu/ontology#ulan2550_friend_of,http://linkedart.ascdc.tw/lod/Person/PR0048
http://linkedart.ascdc.tw/lod/Person/PR0437,http://vocab.getty.edu/ontology#ulan1541_spouse_of,http://linkedart.ascdc.tw/lod/Person/PR0436
http://linkedart.ascdc.tw/lod/Person/PR0009,http://vocab.getty.edu/ontology#ulan2550_friend_of,http://linkedart.ascdc.tw/lod/Person/PR0005
http://linkedart.ascdc.tw/lod/Person/PR0058,http://vocab.getty.edu/ontology#ulan1512_parent_of,http://linkedart.ascdc.tw/lod/Person/PR0409
http://linkedart.ascdc.tw/lod/Person/PR0003,http://vocab.getty.edu/ontology#ulan1541_spouse_of,http://linkedart.ascdc.tw/lod/Person/PR0171
http://linkedart.ascdc.tw/lod/Person/PR0101,http://vocab.getty.edu/ontology#ulan1512_parent_of,http://linkedart.ascdc.tw/lod/Person/PR0109
http://linkedart.ascdc.tw/lod/Person/PR0107,http://vocab.getty.edu/ontology#ulan1550_relative_by_marriage,http://linkedart.ascdc.tw/lod/Person/PR0189
http://linkedart.ascdc.tw/lod/Person/PR0456,http://vocab.getty.edu/ontology#ulan1511_child_of,http://linkedart.ascdc.tw/lod/Person/PR0211
http://linkedart.ascdc.tw/lod/Person/PR0294,http://vocab.getty.edu/ontology#ulan2550_friend_of,http://linkedart.ascdc.tw/lod/Person/PR0093
http://linkedart.ascdc.tw/lod/Person/PR0136,http://vocab.getty.edu/ontology#ulan1511_child_of,http://linkedart.ascdc.tw/lod/Person/PR0007
http://linkedart.ascdc.tw/lod/Person/PR0083,http://vocab.getty.edu/ontology#ulan1512_parent_of,http://linkedart.ascdc.tw/lod/Person/PR0202
http://linkedart.ascdc.tw/lod/Person/PR0006,http://vocab.getty.edu/ontology#ulan1512_parent_of,http://linkedart.ascdc.tw/lod/Person/PR0127
http://linkedart.ascdc.tw/lod/Person/PR0499,http://vocab.getty.edu/ontology#ulan1541_spouse_of,http://linkedart.ascdc.tw/lod/Person/PR0493
http://linkedart.ascdc.tw/lod/Person/PR0076,http://vocab.getty.edu/ontology#ulan2550_friend_of,http://linkedart.ascdc.tw/lod/Person/PR0012
http://linkedart.ascdc.tw/lod/Person/PR0009,http://vocab.getty.edu/ontology#ulan2550_friend_of,http://linkedart.ascdc.tw/lod/Person/PR0064
http://linkedart.ascdc.tw/lod/Person/PR0013,http://vocab.getty.edu/ontology#ulan2550_friend_of,http://linkedart.ascdc.tw/lod/Person/PR0092
http://linkedart.ascdc.tw/lod/Person/PR0093,http://vocab.getty.edu/ontology#ulan1512_parent_of,http://linkedart.ascdc.tw/lod/Person/PR0471
http://linkedart.ascdc.tw/lod/Person/PR0106,http://vocab.getty.edu/ontology#ulan1511_child_of,http://linkedart.ascdc.tw/lod/Person/PR0003
http://linkedart.ascdc.tw/lod/Person/PR0088,http://vocab.getty.edu/ontology#ulan2550_friend_of,http://linkedart.ascdc.tw/lod/Person/PR0001
http://linkedart.ascdc.tw/lod/Person/PR0103,http://vocab.getty.edu/ontology#ulan1550_relative_by_marriage,http://linkedart.ascdc.tw/lod/Person/PR0171
http://linkedart.ascdc.tw/lod/Person/PR0008,http://vocab.getty.edu/ontology#ulan1512_parent_of,http://linkedart.ascdc.tw/lod/Person/PR0155
http://linkedart.ascdc.tw/lod/Person/PR0007,http://vocab.getty.edu/ontology#ulan1511_child_of,http://linkedart.ascdc.tw/lod/Person/PR0115
http://linkedart.ascdc.tw/lod/Person/PR0072,http://vocab.getty.edu/ontology#ulan2550_friend_of,http://linkedart.ascdc.tw/lod/Person/PR0009
http://linkedart.ascdc.tw/lod/Person/PR0023,http://vocab.getty.edu/ontology#ulan2550_friend_of,http://linkedart.ascdc.tw/lod/Person/PR0003
http://linkedart.ascdc.tw/lod/Person/PR0356,http://vocab.getty.edu/ontology#ulan2550_friend_of,http://linkedart.ascdc.tw/lod/Person/PR0210
http://linkedart.ascdc.tw/lod/Person/PR0012,http://vocab.getty.edu/ontology#ulan2550_friend_of,http://linkedart.ascdc.tw/lod/Person/PR0092
http://linkedart.ascdc.tw/lod/Person/PR0121,http://vocab.getty.edu/ontology#ulan1512_parent_of,http://linkedart.ascdc.tw/lod/Person/PR0122
http://linkedart.ascdc.tw/lod/Person/PR0115,http://vocab.getty.edu/ontology#ulan1512_parent_of,http://linkedart.ascdc.tw/lod/Person/PR0140
http://linkedart.ascdc.tw/lod/Person/PR0058,http://vocab.getty.edu/ontology#ulan1512_parent_of,http://linkedart.ascdc.tw/lod/Person/PR0407
http://linkedart.ascdc.tw/lod/Person/PR0041,http://vocab.getty.edu/ontology#ulan2550_friend_of,http://linkedart.ascdc.tw/lod/Person/PR0012
http://linkedart.ascdc.tw/lod/Person/PR0105,http://vocab.getty.edu/ontology#ulan1541_spouse_of,http://linkedart.ascdc.tw/lod/Person/PR0190
http://linkedart.ascdc.tw/lod/Person/PR0203,http://vocab.getty.edu/ontology#ulan1512_parent_of,http://linkedart.ascdc.tw/lod/Person/PR0198
http://linkedart.ascdc.tw/lod/Person/PR0070,http://vocab.getty.edu/ontology#ulan2550_friend_of,http://linkedart.ascdc.tw/lod/Person/PR0005
http://linkedart.ascdc.tw/lod/Person/PR0448,http://vocab.getty.edu/ontology#ulan1511_child_of,http://linkedart.ascdc.tw/lod/Person/PR0095
http://linkedart.ascdc.tw/lod/Person/PR0006,http://vocab.getty.edu/ontology#ulan1512_parent_of,http://linkedart.ascdc.tw/lod/Person/PR0126
http://linkedart.ascdc.tw/lod/Person/PR0053,http://vocab.getty.edu/ontology#ulan1511_child_of,http://linkedart.ascdc.tw/lod/Person/PR0001
http://linkedart.ascdc.tw/lod/Person/PR0121,http://vocab.getty.edu/ontology#ulan1512_parent_of,http://linkedart.ascdc.tw/lod/Person/PR0119
http://linkedart.ascdc.tw/lod/Person/PR0007,http://vocab.getty.edu/ontology#ulan2550_friend_of,http://linkedart.ascdc.tw/lod/Person/PR0011
http://linkedart.ascdc.tw/lod/Person/PR0002,http://vocab.getty.edu/ontology#ulan2550_friend_of,http://linkedart.ascdc.tw/lod/Person/PR0088
http://linkedart.ascdc.tw/lod/Person/PR0006,http://vocab.getty.edu/ontology#ulan1512_parent_of,http://linkedart.ascdc.tw/lod/Person/PR0131
http://linkedart.ascdc.tw/lod/Person/PR0139,http://vocab.getty.edu/ontology#ulan1511_child_of,http://linkedart.ascdc.tw/lod/Person/PR0115
http://linkedart.ascdc.tw/lod/Person/PR0415,http://vocab.getty.edu/ontology#ulan1541_spouse_of,http://linkedart.ascdc.tw/lod/Person/PR0210
http://linkedart.ascdc.tw/lod/Person/PR0015,http://vocab.getty.edu/ontology#ulan1511_child_of,http://linkedart.ascdc.tw/lod/Person/PR0203
http://linkedart.ascdc.tw/lod/Person/PR0008,http://vocab.getty.edu/ontology#ulan1541_spouse_of,http://linkedart.ascdc.tw/lod/Person/PR0160
http://linkedart.ascdc.tw/lod/Person/PR0025,http://vocab.getty.edu/ontology#ulan2550_friend_of,http://linkedart.ascdc.tw/lod/Person/PR0084
http://linkedart.ascdc.tw/lod/Person/PR0012,http://vocab.getty.edu/ontology#ulan2550_friend_of,http://linkedart.ascdc.tw/lod/Person/PR0041
http://linkedart.ascdc.tw/lod/Person/PR0089,http://vocab.getty.edu/ontology#ulan2550_friend_of,http://linkedart.ascdc.tw/lod/Person/PR0008
http://linkedart.ascdc.tw/lod/Person/PR0008,http://vocab.getty.edu/ontology#ulan2550_friend_of,http://linkedart.ascdc.tw/lod/Person/PR0057
http://linkedart.ascdc.tw/lod/Person/PR0095,http://vocab.getty.edu/ontology#ulan1512_parent_of,http://linkedart.ascdc.tw/lod/Person/PR0445
http://linkedart.ascdc.tw/lod/Person/PR0059,http://vocab.getty.edu/ontology#ulan1541_spouse_of,http://linkedart.ascdc.tw/lod/Person/PR0488
http://linkedart.ascdc.tw/lod/Person/PR0001,http://vocab.getty.edu/ontology#ulan1512_parent_of,http://linkedart.ascdc.tw/lod/Person/PR0108
http://linkedart.ascdc.tw/lod/Person/PR0007,http://vocab.getty.edu/ontology#ulan1512_parent_of,http://linkedart.ascdc.tw/lod/Person/PR0120
http://linkedart.ascdc.tw/lod/Person/PR0023,http://vocab.getty.edu/ontology#ulan2550_friend_of,http://linkedart.ascdc.tw/lod/Person/PR0005
http://linkedart.ascdc.tw/lod/Person/PR0005,http://vocab.getty.edu/ontology#ulan2550_friend_of,http://linkedart.ascdc.tw/lod/Person/PR0002
http://linkedart.ascdc.tw/lod/Person/PR0111,http://vocab.getty.edu/ontology#ulan1511_child_of,http://linkedart.ascdc.tw/lod/Person/PR0204
http://linkedart.ascdc.tw/lod/Person/PR0009,http://vocab.getty.edu/ontology#ulan1512_parent_of,http://linkedart.ascdc.tw/lod/Person/PR0162
http://linkedart.ascdc.tw/lod/Person/PR0109,http://vocab.getty.edu/ontology#ulan1511_child_of,http://linkedart.ascdc.tw/lod/Person/PR0110
http://linkedart.ascdc.tw/lod/Person/PR0488,http://vocab.getty.edu/ontology#ulan1511_child_of,http://linkedart.ascdc.tw/lod/Person/PR0489
http://linkedart.ascdc.tw/lod/Person/PR0242,http://vocab.getty.edu/ontology#ulan2550_friend_of,http://linkedart.ascdc.tw/lod/Person/PR0001
http://linkedart.ascdc.tw/lod/Person/PR0049,http://vocab.getty.edu/ontology#ulan2550_friend_of,http://linkedart.ascdc.tw/lod/Person/PR0011
http://linkedart.ascdc.tw/lod/Person/PR0442,http://vocab.getty.edu/ontology#ulan1541_spouse_of,http://linkedart.ascdc.tw/lod/Person/PR0444
http://linkedart.ascdc.tw/lod/Person/PR0287,http://vocab.getty.edu/ontology#ulan2550_friend_of,http://linkedart.ascdc.tw/lod/Person/PR0095
http://linkedart.ascdc.tw/lod/Person/PR0193,http://vocab.getty.edu/ontology#ulan1511_child_of,http://linkedart.ascdc.tw/lod/Person/PR0014
http://linkedart.ascdc.tw/lod/Person/PR0009,http://vocab.getty.edu/ontology#ulan1512_parent_of,http://linkedart.ascdc.tw/lod/Person/PR0157
http://linkedart.ascdc.tw/lod/Person/PR0416,http://vocab.getty.edu/ontology#ulan1512_parent_of,http://linkedart.ascdc.tw/lod/Person/PR0210
http://linkedart.ascdc.tw/lod/Person/PR0494,http://vocab.getty.edu/ontology#ulan1511_child_of,http://linkedart.ascdc.tw/lod/Person/PR0079
http://linkedart.ascdc.tw/lod/Person/PR0079,http://vocab.getty.edu/ontology#ulan2550_friend_of,http://linkedart.ascdc.tw/lod/Person/PR0003
http://linkedart.ascdc.tw/lod/Person/PR0208,http://vocab.getty.edu/ontology#ulan1511_child_of,http://linkedart.ascdc.tw/lod/Person/PR0462
http://linkedart.ascdc.tw/lod/Person/PR0052,http://vocab.getty.edu/ontology#ulan2550_friend_of,http://linkedart.ascdc.tw/lod/Person/PR0008
http://linkedart.ascdc.tw/lod/Person/PR0143,http://vocab.getty.edu/ontology#ulan1511_child_of,http://linkedart.ascdc.tw/lod/Person/PR0121
http://linkedart.ascdc.tw/lod/Person/PR0014,http://vocab.getty.edu/ontology#ulan1512_parent_of,http://linkedart.ascdc.tw/lod/Person/PR0193
http://linkedart.ascdc.tw/lod/Person/PR0318,http://vocab.getty.edu/ontology#ulan2550_friend_of,http://linkedart.ascdc.tw/lod/Person/PR0210
http://linkedart.ascdc.tw/lod/Person/PR0011,http://vocab.getty.edu/ontology#ulan1512_parent_of,http://linkedart.ascdc.tw/lod/Person/PR0175
http://linkedart.ascdc.tw/lod/Person/PR0210,http://vocab.getty.edu/ontology#ulan2550_friend_of,http://linkedart.ascdc.tw/lod/Person/PR0326
http://linkedart.ascdc.tw/lod/Person/PR0007,http://vocab.getty.edu/ontology#ulan1541_spouse_of,http://linkedart.ascdc.tw/lod/Person/PR0205
http://linkedart.ascdc.tw/lod/Person/PR0192,http://vocab.getty.edu/ontology#ulan1541_spouse_of,http://linkedart.ascdc.tw/lod/Person/PR0012
http://linkedart.ascdc.tw/lod/Person/PR0325,http://vocab.getty.edu/ontology#ulan2550_friend_of,http://linkedart.ascdc.tw/lod/Person/PR0093
http://linkedart.ascdc.tw/lod/Person/PR0009,http://vocab.getty.edu/ontology#ulan1541_spouse_of,http://linkedart.ascdc.tw/lod/Person/PR0116
http://linkedart.ascdc.tw/lod/Person/PR0083,http://vocab.getty.edu/ontology#ulan1512_parent_of,http://linkedart.ascdc.tw/lod/Person/PR0113
http://linkedart.ascdc.tw/lod/Person/PR0121,http://vocab.getty.edu/ontology#ulan1512_parent_of,http://linkedart.ascdc.tw/lod/Person/PR0140
http://linkedart.ascdc.tw/lod/Person/PR0005,http://vocab.getty.edu/ontology#ulan2550_friend_of,http://linkedart.ascdc.tw/lod/Person/PR0056
http://linkedart.ascdc.tw/lod/Person/PR0140,http://vocab.getty.edu/ontology#ulan1511_child_of,http://linkedart.ascdc.tw/lod/Person/PR0115
http://linkedart.ascdc.tw/lod/Person/PR0015,http://vocab.getty.edu/ontology#ulan1512_parent_of,http://linkedart.ascdc.tw/lod/Person/PR0199
http://linkedart.ascdc.tw/lod/Person/PR0056,http://vocab.getty.edu/ontology#ulan2550_friend_of,http://linkedart.ascdc.tw/lod/Person/PR0005
http://linkedart.ascdc.tw/lod/Person/PR0411,http://vocab.getty.edu/ontology#ulan1511_child_of,http://linkedart.ascdc.tw/lod/Person/PR0058
http://linkedart.ascdc.tw/lod/Person/PR0142,http://vocab.getty.edu/ontology#ulan1511_child_of,http://linkedart.ascdc.tw/lod/Person/PR0007
http://linkedart.ascdc.tw/lod/Person/PR0098,http://vocab.getty.edu/ontology#ulan1511_child_of,http://linkedart.ascdc.tw/lod/Person/PR0204
http://linkedart.ascdc.tw/lod/Person/PR0434,http://vocab.getty.edu/ontology#ulan1511_child_of,http://linkedart.ascdc.tw/lod/Person/PR0433
http://linkedart.ascdc.tw/lod/Person/PR0094,http://vocab.getty.edu/ontology#ulan2550_friend_of,http://linkedart.ascdc.tw/lod/Person/PR0013
http://linkedart.ascdc.tw/lod/Person/PR0189,http://vocab.getty.edu/ontology#ulan1512_parent_of,http://linkedart.ascdc.tw/lod/Person/PR0188
http://linkedart.ascdc.tw/lod/Person/PR0422,http://vocab.getty.edu/ontology#ulan1541_spouse_of,http://linkedart.ascdc.tw/lod/Person/PR0423
http://linkedart.ascdc.tw/lod/Person/PR0079,http://vocab.getty.edu/ontology#ulan1511_child_of,http://linkedart.ascdc.tw/lod/Person/PR0499
http://linkedart.ascdc.tw/lod/Person/PR0205,http://vocab.getty.edu/ontology#ulan1541_spouse_of,http://linkedart.ascdc.tw/lod/Person/PR0007
http://linkedart.ascdc.tw/lod/Person/PR0014,http://vocab.getty.edu/ontology#ulan1512_parent_of,http://linkedart.ascdc.tw/lod/Person/PR0196
http://linkedart.ascdc.tw/lod/Person/PR0095,http://vocab.getty.edu/ontology#ulan2550_friend_of,http://linkedart.ascdc.tw/lod/Person/PR0287
http://linkedart.ascdc.tw/lod/Person/PR0172,http://vocab.getty.edu/ontology#ulan1511_child_of,http://linkedart.ascdc.tw/lod/Person/PR0010
http://linkedart.ascdc.tw/lod/Person/PR0109,http://vocab.getty.edu/ontology#ulan1511_child_of,http://linkedart.ascdc.tw/lod/Person/PR0101
http://linkedart.ascdc.tw/lod/Person/PR0201,http://vocab.getty.edu/ontology#ulan1511_child_of,http://linkedart.ascdc.tw/lod/Person/PR0005
http://linkedart.ascdc.tw/lod/Person/PR0474,http://vocab.getty.edu/ontology#ulan1541_spouse_of,http://linkedart.ascdc.tw/lod/Person/PR0093
http://linkedart.ascdc.tw/lod/Person/PR0424,http://vocab.getty.edu/ontology#ulan1512_parent_of,http://linkedart.ascdc.tw/lod/Person/PR0084
http://linkedart.ascdc.tw/lod/Person/PR0006,http://vocab.getty.edu/ontology#ulan1512_parent_of,http://linkedart.ascdc.tw/lod/Person/PR0129
http://linkedart.ascdc.tw/lod/Person/PR0164,http://vocab.getty.edu/ontology#ulan1511_child_of,http://linkedart.ascdc.tw/lod/Person/PR0009
http://linkedart.ascdc.tw/lod/Person/PR0420,http://vocab.getty.edu/ontology#ulan1511_child_of,http://linkedart.ascdc.tw/lod/Person/PR0210
http://linkedart.ascdc.tw/lod/Person/PR0079,http://vocab.getty.edu/ontology#ulan1512_parent_of,http://linkedart.ascdc.tw/lod/Person/PR0494
http://linkedart.ascdc.tw/lod/Person/PR0199,http://vocab.getty.edu/ontology#ulan1511_child_of,http://linkedart.ascdc.tw/lod/Person/PR0015
http://linkedart.ascdc.tw/lod/Person/PR0005,http://vocab.getty.edu/ontology#ulan1511_child_of,http://linkedart.ascdc.tw/lod/Person/PR0066
http://linkedart.ascdc.tw/lod/Person/PR0175,http://vocab.getty.edu/ontology#ulan1511_child_of,http://linkedart.ascdc.tw/lod/Person/PR0011
http://linkedart.ascdc.tw/lod/Person/PR0079,http://vocab.getty.edu/ontology#ulan1511_child_of,http://linkedart.ascdc.tw/lod/Person/PR0493
http://linkedart.ascdc.tw/lod/Person/PR0453,http://vocab.getty.edu/ontology#ulan1511_child_of,http://linkedart.ascdc.tw/lod/Person/PR0211
http://linkedart.ascdc.tw/lod/Person/PR0131,http://vocab.getty.edu/ontology#ulan1511_child_of,http://linkedart.ascdc.tw/lod/Person/PR0006
http://linkedart.ascdc.tw/lod/Person/PR0498,http://vocab.getty.edu/ontology#ulan1512_parent_of,http://linkedart.ascdc.tw/lod/Person/PR0497
http://linkedart.ascdc.tw/lod/Person/PR0187,http://vocab.getty.edu/ontology#ulan1511_child_of,http://linkedart.ascdc.tw/lod/Person/PR0137
http://linkedart.ascdc.tw/lod/Person/PR0091,http://vocab.getty.edu/ontology#ulan1550_relative_by_marriage,http://linkedart.ascdc.tw/lod/Person/PR0004
http://linkedart.ascdc.tw/lod/Person/PR0011,http://vocab.getty.edu/ontology#ulan2550_friend_of,http://linkedart.ascdc.tw/lod/Person/PR0007
http://linkedart.ascdc.tw/lod/Person/PR0445,http://vocab.getty.edu/ontology#ulan1511_child_of,http://linkedart.ascdc.tw/lod/Person/PR0095
http://linkedart.ascdc.tw/lod/Person/PR0102,http://vocab.getty.edu/ontology#ulan1512_parent_of,http://linkedart.ascdc.tw/lod/Person/PR0099
http://linkedart.ascdc.tw/lod/Person/PR0112,http://vocab.getty.edu/ontology#ulan1512_parent_of,http://linkedart.ascdc.tw/lod/Person/PR0201
http://linkedart.ascdc.tw/lod/Person/PR0108,http://vocab.getty.edu/ontology#ulan1511_child_of,http://linkedart.ascdc.tw/lod/Person/PR0001
http://linkedart.ascdc.tw/lod/Person/PR0210,http://vocab.getty.edu/ontology#ulan2550_friend_of,http://linkedart.ascdc.tw/lod/Person/PR0356
http://linkedart.ascdc.tw/lod/Person/PR0432,http://vocab.getty.edu/ontology#ulan1512_parent_of,http://linkedart.ascdc.tw/lod/Person/PR0431
http://linkedart.ascdc.tw/lod/Person/PR0067,http://vocab.getty.edu/ontology#ulan2550_friend_of,http://linkedart.ascdc.tw/lod/Person/PR0014
http://linkedart.ascdc.tw/lod/Person/PR0204,http://vocab.getty.edu/ontology#ulan1512_parent_of,http://linkedart.ascdc.tw/lod/Person/PR0053
http://linkedart.ascdc.tw/lod/Person/PR0211,http://vocab.getty.edu/ontology#ulan1511_child_of,http://linkedart.ascdc.tw/lod/Person/PR0452
http://linkedart.ascdc.tw/lod/Person/PR0093,http://vocab.getty.edu/ontology#ulan1541_spouse_of,http://linkedart.ascdc.tw/lod/Person/PR0474
http://linkedart.ascdc.tw/lod/Person/PR0226,http://vocab.getty.edu/ontology#ulan2550_friend_of,http://linkedart.ascdc.tw/lod/Person/PR0001
http://linkedart.ascdc.tw/lod/Person/PR0202,http://vocab.getty.edu/ontology#ulan1511_child_of,http://linkedart.ascdc.tw/lod/Person/PR0083
http://linkedart.ascdc.tw/lod/Person/PR0204,http://vocab.getty.edu/ontology#ulan1512_parent_of,http://linkedart.ascdc.tw/lod/Person/PR0108
http://linkedart.ascdc.tw/lod/Person/PR0038,http://vocab.getty.edu/ontology#ulan2550_friend_of,http://linkedart.ascdc.tw/lod/Person/PR0009
http://linkedart.ascdc.tw/lod/Person/PR0015,http://vocab.getty.edu/ontology#ulan2550_friend_of,http://linkedart.ascdc.tw/lod/Person/PR0071
http://linkedart.ascdc.tw/lod/Person/PR0099,http://vocab.getty.edu/ontology#ulan1550_relative_by_marriage,http://linkedart.ascdc.tw/lod/Person/PR0171
http://linkedart.ascdc.tw/lod/Person/PR0433,http://vocab.getty.edu/ontology#ulan1512_parent_of,http://linkedart.ascdc.tw/lod/Person/PR0434
http://linkedart.ascdc.tw/lod/Person/PR0241,http://vocab.getty.edu/ontology#ulan2550_friend_of,http://linkedart.ascdc.tw/lod/Person/PR0242
http://linkedart.ascdc.tw/lod/Person/PR0376,http://vocab.getty.edu/ontology#ulan2550_friend_of,http://linkedart.ascdc.tw/lod/Person/PR0209
http://linkedart.ascdc.tw/lod/Person/PR0101,http://vocab.getty.edu/ontology#ulan1541_spouse_of,http://linkedart.ascdc.tw/lod/Person/PR0110
http://linkedart.ascdc.tw/lod/Person/PR0073,http://vocab.getty.edu/ontology#ulan2550_friend_of,http://linkedart.ascdc.tw/lod/Person/PR0013
http://linkedart.ascdc.tw/lod/Person/PR0102,http://vocab.getty.edu/ontology#ulan1512_parent_of,http://linkedart.ascdc.tw/lod/Person/PR0003
http://linkedart.ascdc.tw/lod/Person/PR0121,http://vocab.getty.edu/ontology#ulan1512_parent_of,http://linkedart.ascdc.tw/lod/Person/PR0007
http://linkedart.ascdc.tw/lod/Person/PR0095,http://vocab.getty.edu/ontology#ulan2550_friend_of,http://linkedart.ascdc.tw/lod/Person/PR0374
http://linkedart.ascdc.tw/lod/Person/PR0472,http://vocab.getty.edu/ontology#ulan1511_child_of,http://linkedart.ascdc.tw/lod/Person/PR0093
http://linkedart.ascdc.tw/lod/Person/PR0014,http://vocab.getty.edu/ontology#ulan2550_friend_of,http://linkedart.ascdc.tw/lod/Person/PR0067
http://linkedart.ascdc.tw/lod/Person/PR0116,http://vocab.getty.edu/ontology#ulan1541_spouse_of,http://linkedart.ascdc.tw/lod/Person/PR0009
http://linkedart.ascdc.tw/lod/Person/PR0040,http://vocab.getty.edu/ontology#ulan2550_friend_of,http://linkedart.ascdc.tw/lod/Person/PR0012
http://linkedart.ascdc.tw/lod/Person/PR0497,http://vocab.getty.edu/ontology#ulan1511_child_of,http://linkedart.ascdc.tw/lod/Person/PR0498
http://linkedart.ascdc.tw/lod/Person/PR0006,http://vocab.getty.edu/ontology#ulan2550_friend_of,http://linkedart.ascdc.tw/lod/Person/PR0058
http://linkedart.ascdc.tw/lod/Person/PR0452,http://vocab.getty.edu/ontology#ulan1541_spouse_of,http://linkedart.ascdc.tw/lod/Person/PR0457
http://linkedart.ascdc.tw/lod/Person/PR0130,http://vocab.getty.edu/ontology#ulan1511_child_of,http://linkedart.ascdc.tw/lod/Person/PR0006
http://linkedart.ascdc.tw/lod/Person/PR0005,http://vocab.getty.edu/ontology#ulan2550_friend_of,http://linkedart.ascdc.tw/lod/Person/PR0023
http://linkedart.ascdc.tw/lod/Person/PR0009,http://vocab.getty.edu/ontology#ulan1512_parent_of,http://linkedart.ascdc.tw/lod/Person/PR0159
http://linkedart.ascdc.tw/lod/Person/PR0009,http://vocab.getty.edu/ontology#ulan2550_friend_of,http://linkedart.ascdc.tw/lod/Person/PR0072
http://linkedart.ascdc.tw/lod/Person/PR0202,http://vocab.getty.edu/ontology#ulan1511_child_of,http://linkedart.ascdc.tw/lod/Person/PR0004
http://linkedart.ascdc.tw/lod/Person/PR0162,http://vocab.getty.edu/ontology#ulan1511_child_of,http://linkedart.ascdc.tw/lod/Person/PR0009
http://linkedart.ascdc.tw/lod/Person/PR0311,http://vocab.getty.edu/ontology#ulan2550_friend_of,http://linkedart.ascdc.tw/lod/Person/PR0210
http://linkedart.ascdc.tw/lod/Person/PR0005,http://vocab.getty.edu/ontology#ulan1512_parent_of,http://linkedart.ascdc.tw/lod/Person/PR0183
http://linkedart.ascdc.tw/lod/Person/PR0012,http://vocab.getty.edu/ontology#ulan2550_friend_of,http://linkedart.ascdc.tw/lod/Person/PR0040
http://linkedart.ascdc.tw/lod/Person/PR0011,http://vocab.getty.edu/ontology#ulan2550_friend_of,http://linkedart.ascdc.tw/lod/Person/PR0015
http://linkedart.ascdc.tw/lod/Person/PR0102,http://vocab.getty.edu/ontology#ulan1512_parent_of,http://linkedart.ascdc.tw/lod/Person/PR0103
http://linkedart.ascdc.tw/lod/Person/PR0006,http://vocab.getty.edu/ontology#ulan1512_parent_of,http://linkedart.ascdc.tw/lod/Person/PR0134
http://linkedart.ascdc.tw/lod/Person/PR0500,http://vocab.getty.edu/ontology#ulan1541_spouse_of,http://linkedart.ascdc.tw/lod/Person/PR0247
http://linkedart.ascdc.tw/lod/Person/PR0019,http://vocab.getty.edu/ontology#ulan2550_friend_of,http://linkedart.ascdc.tw/lod/Person/PR0084
http://linkedart.ascdc.tw/lod/Person/PR0158,http://vocab.getty.edu/ontology#ulan1541_spouse_of,http://linkedart.ascdc.tw/lod/Person/PR0006
http://linkedart.ascdc.tw/lod/Person/PR0058,http://vocab.getty.edu/ontology#ulan2550_friend_of,http://linkedart.ascdc.tw/lod/Person/PR0006
http://linkedart.ascdc.tw/lod/Person/PR0057,http://vocab.getty.edu/ontology#ulan2550_friend_of,http://linkedart.ascdc.tw/lod/Person/PR0008
http://linkedart.ascdc.tw/lod/Person/PR0079,http://vocab.getty.edu/ontology#ulan1512_parent_of,http://linkedart.ascdc.tw/lod/Person/PR0491
http://linkedart.ascdc.tw/lod/Person/PR0107,http://vocab.getty.edu/ontology#ulan1511_child_of,http://linkedart.ascdc.tw/lod/Person/PR0110
http://linkedart.ascdc.tw/lod/Person/PR0210,http://vocab.getty.edu/ontology#ulan1512_parent_of,http://linkedart.ascdc.tw/lod/Person/PR0416
http://linkedart.ascdc.tw/lod/Person/PR0471,http://vocab.getty.edu/ontology#ulan1511_child_of,http://linkedart.ascdc.tw/lod/Person/PR0093
http://linkedart.ascdc.tw/lod/Person/PR0122,http://vocab.getty.edu/ontology#ulan1511_child_of,http://linkedart.ascdc.tw/lod/Person/PR0121
http://linkedart.ascdc.tw/lod/Person/PR0007,http://vocab.getty.edu/ontology#ulan1512_parent_of,http://linkedart.ascdc.tw/lod/Person/PR0138
http://linkedart.ascdc.tw/lod/Person/PR0011,http://vocab.getty.edu/ontology#ulan1512_parent_of,http://linkedart.ascdc.tw/lod/Person/PR0176
http://linkedart.ascdc.tw/lod/Person/PR0129,http://vocab.getty.edu/ontology#ulan1511_child_of,http://linkedart.ascdc.tw/lod/Person/PR0006
http://linkedart.ascdc.tw/lod/Person/PR0425,http://vocab.getty.edu/ontology#ulan1512_parent_of,http://linkedart.ascdc.tw/lod/Person/PR0084
http://linkedart.ascdc.tw/lod/Person/PR0007,http://vocab.getty.edu/ontology#ulan1512_parent_of,http://linkedart.ascdc.tw/lod/Person/PR0136
http://linkedart.ascdc.tw/lod/Person/PR0460,http://vocab.getty.edu/ontology#ulan1511_child_of,http://linkedart.ascdc.tw/lod/Person/PR0208
http://linkedart.ascdc.tw/lod/Person/PR0115,http://vocab.getty.edu/ontology#ulan1512_parent_of,http://linkedart.ascdc.tw/lod/Person/PR0123
http://linkedart.ascdc.tw/lod/Person/PR0207,http://vocab.getty.edu/ontology#ulan1511_child_of,http://linkedart.ascdc.tw/lod/Person/PR0066
http://linkedart.ascdc.tw/lod/Person/PR0444,http://vocab.getty.edu/ontology#ulan1541_spouse_of,http://linkedart.ascdc.tw/lod/Person/PR0442
http://linkedart.ascdc.tw/lod/Person/PR0002,http://vocab.getty.edu/ontology#ulan2550_friend_of,http://linkedart.ascdc.tw/lod/Person/PR0005
http://linkedart.ascdc.tw/lod/Person/PR0057,http://vocab.getty.edu/ontology#ulan2550_friend_of,http://linkedart.ascdc.tw/lod/Person/PR0011
http://linkedart.ascdc.tw/lod/Person/PR0436,http://vocab.getty.edu/ontology#ulan1541_spouse_of,http://linkedart.ascdc.tw/lod/Person/PR0437
http://linkedart.ascdc.tw/lod/Person/PR0443,http://vocab.getty.edu/ontology#ulan1541_spouse_of,http://linkedart.ascdc.tw/lod/Person/PR0095
http://linkedart.ascdc.tw/lod/Person/PR0110,http://vocab.getty.edu/ontology#ulan1512_parent_of,http://linkedart.ascdc.tw/lod/Person/PR0107
http://linkedart.ascdc.tw/lod/Person/PR0115,http://vocab.getty.edu/ontology#ulan1512_parent_of,http://linkedart.ascdc.tw/lod/Person/PR0139
http://linkedart.ascdc.tw/lod/Person/PR0209,http://vocab.getty.edu/ontology#ulan1511_child_of,http://linkedart.ascdc.tw/lod/Person/PR0438
http://linkedart.ascdc.tw/lod/Person/PR0118,http://vocab.getty.edu/ontology#ulan1541_spouse_of,http://linkedart.ascdc.tw/lod/Person/PR0014
http://linkedart.ascdc.tw/lod/Person/PR0009,http://vocab.getty.edu/ontology#ulan1511_child_of,http://linkedart.ascdc.tw/lod/Person/PR0156
http://linkedart.ascdc.tw/lod/Person/PR0014,http://vocab.getty.edu/ontology#ulan1512_parent_of,http://linkedart.ascdc.tw/lod/Person/PR0194
http://linkedart.ascdc.tw/lod/Person/PR0007,http://vocab.getty.edu/ontology#ulan1512_parent_of,http://linkedart.ascdc.tw/lod/Person/PR0141
http://linkedart.ascdc.tw/lod/Person/PR0417,http://vocab.getty.edu/ontology#ulan1512_parent_of,http://linkedart.ascdc.tw/lod/Person/PR0210
http://linkedart.ascdc.tw/lod/Person/PR0007,http://vocab.getty.edu/ontology#ulan2550_friend_of,http://linkedart.ascdc.tw/lod/Person/PR0023
http://linkedart.ascdc.tw/lod/Person/PR0455,http://vocab.getty.edu/ontology#ulan1511_child_of,http://linkedart.ascdc.tw/lod/Person/PR0211
http://linkedart.ascdc.tw/lod/Person/PR0206,http://vocab.getty.edu/ontology#ulan1512_parent_of,http://linkedart.ascdc.tw/lod/Person/PR0009
http://linkedart.ascdc.tw/lod/Person/PR0214,http://vocab.getty.edu/ontology#ulan2550_friend_of,http://linkedart.ascdc.tw/lod/Person/PR0250
http://linkedart.ascdc.tw/lod/Person/PR0293,http://vocab.getty.edu/ontology#ulan2550_friend_of,http://linkedart.ascdc.tw/lod/Person/PR0095
http://linkedart.ascdc.tw/lod/Person/PR0013,http://vocab.getty.edu/ontology#ulan2550_friend_of,http://linkedart.ascdc.tw/lod/Person/PR0061
http://linkedart.ascdc.tw/lod/Person/PR0137,http://vocab.getty.edu/ontology#ulan1511_child_of,http://linkedart.ascdc.tw/lod/Person/PR0007
http://linkedart.ascdc.tw/lod/Person/PR0250,http://vocab.getty.edu/ontology#ulan2550_friend_of,http://linkedart.ascdc.tw/lod/Person/PR0001
http://linkedart.ascdc.tw/lod/Person/PR0197,http://vocab.getty.edu/ontology#ulan1511_child_of,http://linkedart.ascdc.tw/lod/Person/PR0203
http://linkedart.ascdc.tw/lod/Person/PR0040,http://vocab.getty.edu/ontology#ulan2550_friend_of,http://linkedart.ascdc.tw/lod/Person/PR0041
http://linkedart.ascdc.tw/lod/Person/PR0059,http://vocab.getty.edu/ontology#ulan2550_friend_of,http://linkedart.ascdc.tw/lod/Person/PR0358
http://linkedart.ascdc.tw/lod/Person/PR0100,http://vocab.getty.edu/ontology#ulan1512_parent_of,http://linkedart.ascdc.tw/lod/Person/PR0099
http://linkedart.ascdc.tw/lod/Person/PR0012,http://vocab.getty.edu/ontology#ulan2550_friend_of,http://linkedart.ascdc.tw/lod/Person/PR0068
http://linkedart.ascdc.tw/lod/Person/PR0199,http://vocab.getty.edu/ontology#ulan1511_child_of,http://linkedart.ascdc.tw/lod/Person/PR0191
http://linkedart.ascdc.tw/lod/Person/PR0002,http://vocab.getty.edu/ontology#ulan1550_relative_by_marriage,http://linkedart.ascdc.tw/lod/Person/PR0007
http://linkedart.ascdc.tw/lod/Person/PR0006,http://vocab.getty.edu/ontology#ulan1512_parent_of,http://linkedart.ascdc.tw/lod/Person/PR0132
http://linkedart.ascdc.tw/lod/Person/PR0002,http://vocab.getty.edu/ontology#ulan1511_child_of,http://linkedart.ascdc.tw/lod/Person/PR0110
http://linkedart.ascdc.tw/lod/Person/PR0198,http://vocab.getty.edu/ontology#ulan1511_child_of,http://linkedart.ascdc.tw/lod/Person/PR0203
http://linkedart.ascdc.tw/lod/Person/PR0107,http://vocab.getty.edu/ontology#ulan1511_child_of,http://linkedart.ascdc.tw/lod/Person/PR0101
http://linkedart.ascdc.tw/lod/Person/PR0152,http://vocab.getty.edu/ontology#ulan1511_child_of,http://linkedart.ascdc.tw/lod/Person/PR0008
http://linkedart.ascdc.tw/lod/Person/PR0011,http://vocab.getty.edu/ontology#ulan2550_friend_of,http://linkedart.ascdc.tw/lod/Person/PR0040
http://linkedart.ascdc.tw/lod/Person/PR0008,http://vocab.getty.edu/ontology#ulan1512_parent_of,http://linkedart.ascdc.tw/lod/Person/PR0154
http://linkedart.ascdc.tw/lod/Person/PR0011,http://vocab.getty.edu/ontology#ulan1512_parent_of,http://linkedart.ascdc.tw/lod/Person/PR0181
http://linkedart.ascdc.tw/lod/Person/PR0182,http://vocab.getty.edu/ontology#ulan1541_spouse_of,http://linkedart.ascdc.tw/lod/Person/PR0117
http://linkedart.ascdc.tw/lod/Person/PR0059,http://vocab.getty.edu/ontology#ulan1511_child_of,http://linkedart.ascdc.tw/lod/Person/PR0480
http://linkedart.ascdc.tw/lod/Person/PR0100,http://vocab.getty.edu/ontology#ulan1512_parent_of,http://linkedart.ascdc.tw/lod/Person/PR0003
http://linkedart.ascdc.tw/lod/Person/PR0389,http://vocab.getty.edu/ontology#ulan2550_friend_of,http://linkedart.ascdc.tw/lod/Person/PR0084
http://linkedart.ascdc.tw/lod/Person/PR0012,http://vocab.getty.edu/ontology#ulan2550_friend_of,http://linkedart.ascdc.tw/lod/Person/PR0087
http://linkedart.ascdc.tw/lod/Person/PR0095,http://vocab.getty.edu/ontology#ulan1512_parent_of,http://linkedart.ascdc.tw/lod/Person/PR0447
http://linkedart.ascdc.tw/lod/Person/PR0007,http://vocab.getty.edu/ontology#ulan1550_relative_by_marriage,http://linkedart.ascdc.tw/lod/Person/PR0002
http://linkedart.ascdc.tw/lod/Person/PR0011,http://vocab.getty.edu/ontology#ulan2550_friend_of,http://linkedart.ascdc.tw/lod/Person/PR0057
http://linkedart.ascdc.tw/lod/Person/PR0037,http://vocab.getty.edu/ontology#ulan2550_friend_of,http://linkedart.ascdc.tw/lod/Person/PR0084
http://linkedart.ascdc.tw/lod/Person/PR0092,http://vocab.getty.edu/ontology#ulan2550_friend_of,http://linkedart.ascdc.tw/lod/Person/PR0013
http://linkedart.ascdc.tw/lod/Person/PR0206,http://vocab.getty.edu/ontology#ulan1541_spouse_of,http://linkedart.ascdc.tw/lod/Person/PR0156
http://linkedart.ascdc.tw/lod/Person/PR0059,http://vocab.getty.edu/ontology#ulan1511_child_of,http://linkedart.ascdc.tw/lod/Person/PR0483
http://linkedart.ascdc.tw/lod/Person/PR0100,http://vocab.getty.edu/ontology#ulan1512_parent_of,http://linkedart.ascdc.tw/lod/Person/PR0103
http://linkedart.ascdc.tw/lod/Person/PR0427,http://vocab.getty.edu/ontology#ulan1541_spouse_of,http://linkedart.ascdc.tw/lod/Person/PR0084
http://linkedart.ascdc.tw/lod/Person/PR0075,http://vocab.getty.edu/ontology#ulan2550_friend_of,http://linkedart.ascdc.tw/lod/Person/PR0008
http://linkedart.ascdc.tw/lod/Person/PR0001,http://vocab.getty.edu/ontology#ulan2550_friend_of,http://linkedart.ascdc.tw/lod/Person/PR0096
http://linkedart.ascdc.tw/lod/Person/PR0209,http://vocab.getty.edu/ontology#ulan2550_friend_of,http://linkedart.ascdc.tw/lod/Person/PR0296
http://linkedart.ascdc.tw/lod/Person/PR0001,http://vocab.getty.edu/ontology#ulan1541_spouse_of,http://linkedart.ascdc.tw/lod/Person/PR0204
http://linkedart.ascdc.tw/lod/Person/PR0121,http://vocab.getty.edu/ontology#ulan1512_parent_of,http://linkedart.ascdc.tw/lod/Person/PR0139
http://linkedart.ascdc.tw/lod/Person/PR0410,http://vocab.getty.edu/ontology#ulan1511_child_of,http://linkedart.ascdc.tw/lod/Person/PR0058
http://linkedart.ascdc.tw/lod/Person/PR0041,http://vocab.getty.edu/ontology#ulan2550_friend_of,http://linkedart.ascdc.tw/lod/Person/PR0068
http://linkedart.ascdc.tw/lod/Person/PR0086,http://vocab.getty.edu/ontology#ulan2550_friend_of,http://linkedart.ascdc.tw/lod/Person/PR0010
http://linkedart.ascdc.tw/lod/Person/PR0082,http://vocab.getty.edu/ontology#ulan2550_friend_of,http://linkedart.ascdc.tw/lod/Person/PR0015
http://linkedart.ascdc.tw/lod/Person/PR0209,http://vocab.getty.edu/ontology#ulan1541_spouse_of,http://linkedart.ascdc.tw/lod/Person/PR0440
http://linkedart.ascdc.tw/lod/Person/PR0247,http://vocab.getty.edu/ontology#ulan1541_spouse_of,http://linkedart.ascdc.tw/lod/Person/PR0500
http://linkedart.ascdc.tw/lod/Person/PR0079,http://vocab.getty.edu/ontology#ulan1541_spouse_of,http://linkedart.ascdc.tw/lod/Person/PR0496
http://linkedart.ascdc.tw/lod/Person/PR0008,http://vocab.getty.edu/ontology#ulan2550_friend_of,http://linkedart.ascdc.tw/lod/Person/PR0075
http://linkedart.ascdc.tw/lod/Person/PR0210,http://vocab.getty.edu/ontology#ulan1541_spouse_of,http://linkedart.ascdc.tw/lod/Person/PR0421
http://linkedart.ascdc.tw/lod/Person/PR0002,http://vocab.getty.edu/ontology#ulan1511_child_of,http://linkedart.ascdc.tw/lod/Person/PR0101
http://linkedart.ascdc.tw/lod/Person/PR0093,http://vocab.getty.edu/ontology#ulan1512_parent_of,http://linkedart.ascdc.tw/lod/Person/PR0470
http://linkedart.ascdc.tw/lod/Person/PR0012,http://vocab.getty.edu/ontology#ulan1541_spouse_of,http://linkedart.ascdc.tw/lod/Person/PR0192
http://linkedart.ascdc.tw/lod/Person/PR0220,http://vocab.getty.edu/ontology#ulan2550_friend_of,http://linkedart.ascdc.tw/lod/Person/PR0214
http://linkedart.ascdc.tw/lod/Person/PR0116,http://vocab.getty.edu/ontology#ulan1512_parent_of,http://linkedart.ascdc.tw/lod/Person/PR0163
http://linkedart.ascdc.tw/lod/Person/PR0101,http://vocab.getty.edu/ontology#ulan1512_parent_of,http://linkedart.ascdc.tw/lod/Person/PR0107
http://linkedart.ascdc.tw/lod/Person/PR0074,http://vocab.getty.edu/ontology#ulan2550_friend_of,http://linkedart.ascdc.tw/lod/Person/PR0009
http://linkedart.ascdc.tw/lod/Person/PR0209,http://vocab.getty.edu/ontology#ulan2550_friend_of,http://linkedart.ascdc.tw/lod/Person/PR0376
http://linkedart.ascdc.tw/lod/Person/PR0473,http://vocab.getty.edu/ontology#ulan1512_parent_of,http://linkedart.ascdc.tw/lod/Person/PR0093
http://linkedart.ascdc.tw/lod/Person/PR0005,http://vocab.getty.edu/ontology#ulan2550_friend_of,http://linkedart.ascdc.tw/lod/Person/PR0070
http://linkedart.ascdc.tw/lod/Person/PR0066,http://vocab.getty.edu/ontology#ulan1512_parent_of,http://linkedart.ascdc.tw/lod/Person/PR0005
http://linkedart.ascdc.tw/lod/Person/PR0103,http://vocab.getty.edu/ontology#ulan1511_child_of,http://linkedart.ascdc.tw/lod/Person/PR0102
http://linkedart.ascdc.tw/lod/Person/PR0485,http://vocab.getty.edu/ontology#ulan1512_parent_of,http://linkedart.ascdc.tw/lod/Person/PR0059
http://linkedart.ascdc.tw/lod/Person/PR0104,http://vocab.getty.edu/ontology#ulan1511_child_of,http://linkedart.ascdc.tw/lod/Person/PR0171
http://linkedart.ascdc.tw/lod/Person/PR0009,http://vocab.getty.edu/ontology#ulan2550_friend_of,http://linkedart.ascdc.tw/lod/Person/PR0095
http://linkedart.ascdc.tw/lod/Person/PR0210,http://vocab.getty.edu/ontology#ulan1512_parent_of,http://linkedart.ascdc.tw/lod/Person/PR0419
http://linkedart.ascdc.tw/lod/Person/PR0111,http://vocab.getty.edu/ontology#ulan1511_child_of,http://linkedart.ascdc.tw/lod/Person/PR0001
http://linkedart.ascdc.tw/lod/Person/PR0463,http://vocab.getty.edu/ontology#ulan1512_parent_of,http://linkedart.ascdc.tw/lod/Person/PR0468
http://linkedart.ascdc.tw/lod/Person/PR0011,http://vocab.getty.edu/ontology#ulan1541_spouse_of,http://linkedart.ascdc.tw/lod/Person/PR0111
http://linkedart.ascdc.tw/lod/Person/PR0160,http://vocab.getty.edu/ontology#ulan1541_spouse_of,http://linkedart.ascdc.tw/lod/Person/PR0008
http://linkedart.ascdc.tw/lod/Person/PR0093,http://vocab.getty.edu/ontology#ulan2550_friend_of,http://linkedart.ascdc.tw/lod/Person/PR0325
http://linkedart.ascdc.tw/lod/Person/PR0008,http://vocab.getty.edu/ontology#ulan1512_parent_of,http://linkedart.ascdc.tw/lod/Person/PR0152
http://linkedart.ascdc.tw/lod/Person/PR0084,http://vocab.getty.edu/ontology#ulan2550_friend_of,http://linkedart.ascdc.tw/lod/Person/PR0025
http://linkedart.ascdc.tw/lod/Person/PR0255,http://vocab.getty.edu/ontology#ulan2550_friend_of,http://linkedart.ascdc.tw/lod/Person/PR0079
http://linkedart.ascdc.tw/lod/Person/PR0009,http://vocab.getty.edu/ontology#ulan2550_friend_of,http://linkedart.ascdc.tw/lod/Person/PR0062
http://linkedart.ascdc.tw/lod/Person/PR0058,http://vocab.getty.edu/ontology#ulan1511_child_of,http://linkedart.ascdc.tw/lod/Person/PR0413
http://linkedart.ascdc.tw/lod/Person/PR0007,http://vocab.getty.edu/ontology#ulan1512_parent_of,http://linkedart.ascdc.tw/lod/Person/PR0142
http://linkedart.ascdc.tw/lod/Person/PR0008,http://vocab.getty.edu/ontology#ulan2550_friend_of,http://linkedart.ascdc.tw/lod/Person/PR0081
http://linkedart.ascdc.tw/lod/Person/PR0461,http://vocab.getty.edu/ontology#ulan1541_spouse_of,http://linkedart.ascdc.tw/lod/Person/PR0462
http://linkedart.ascdc.tw/lod/Person/PR0119,http://vocab.getty.edu/ontology#ulan1511_child_of,http://linkedart.ascdc.tw/lod/Person/PR0121
http://linkedart.ascdc.tw/lod/Person/PR0492,http://vocab.getty.edu/ontology#ulan1511_child_of,http://linkedart.ascdc.tw/lod/Person/PR0079
http://linkedart.ascdc.tw/lod/Person/PR0041,http://vocab.getty.edu/ontology#ulan2550_friend_of,http://linkedart.ascdc.tw/lod/Person/PR0023
http://linkedart.ascdc.tw/lod/Person/PR0173,http://vocab.getty.edu/ontology#ulan1541_spouse_of,http://linkedart.ascdc.tw/lod/Person/PR0010
http://linkedart.ascdc.tw/lod/Person/PR0009,http://vocab.getty.edu/ontology#ulan2550_friend_of,http://linkedart.ascdc.tw/lod/Person/PR0077
http://linkedart.ascdc.tw/lod/Person/PR0112,http://vocab.getty.edu/ontology#ulan1541_spouse_of,http://linkedart.ascdc.tw/lod/Person/PR0005
http://linkedart.ascdc.tw/lod/Person/PR0124,http://vocab.getty.edu/ontology#ulan1511_child_of,http://linkedart.ascdc.tw/lod/Person/PR0115
http://linkedart.ascdc.tw/lod/Person/PR0116,http://vocab.getty.edu/ontology#ulan1512_parent_of,http://linkedart.ascdc.tw/lod/Person/PR0166
http://linkedart.ascdc.tw/lod/Person/PR0014,http://vocab.getty.edu/ontology#ulan2550_friend_of,http://linkedart.ascdc.tw/lod/Person/PR0058
http://linkedart.ascdc.tw/lod/Person/PR0144,http://vocab.getty.edu/ontology#ulan1511_child_of,http://linkedart.ascdc.tw/lod/Person/PR0007
http://linkedart.ascdc.tw/lod/Person/PR0100,http://vocab.getty.edu/ontology#ulan1541_spouse_of,http://linkedart.ascdc.tw/lod/Person/PR0102
http://linkedart.ascdc.tw/lod/Person/PR0250,http://vocab.getty.edu/ontology#ulan2550_friend_of,http://linkedart.ascdc.tw/lod/Person/PR0007
http://linkedart.ascdc.tw/lod/Person/PR0110,http://vocab.getty.edu/ontology#ulan1512_parent_of,http://linkedart.ascdc.tw/lod/Person/PR0002
http://linkedart.ascdc.tw/lod/Person/PR0002,http://vocab.getty.edu/ontology#ulan1512_parent_of,http://linkedart.ascdc.tw/lod/Person/PR0188
http://linkedart.ascdc.tw/lod/Person/PR0473,http://vocab.getty.edu/ontology#ulan1541_spouse_of,http://linkedart.ascdc.tw/lod/Person/PR0469
http://linkedart.ascdc.tw/lod/Person/PR0009,http://vocab.getty.edu/ontology#ulan1511_child_of,http://linkedart.ascdc.tw/lod/Person/PR0206
http://linkedart.ascdc.tw/lod/Person/PR0079,http://vocab.getty.edu/ontology#ulan2550_friend_of,http://linkedart.ascdc.tw/lod/Person/PR0255
http://linkedart.ascdc.tw/lod/Person/PR0346,http://vocab.getty.edu/ontology#ulan2550_friend_of,http://linkedart.ascdc.tw/lod/Person/PR0079
http://linkedart.ascdc.tw/lod/Person/PR0004,http://vocab.getty.edu/ontology#ulan1550_relative_by_marriage,http://linkedart.ascdc.tw/lod/Person/PR0091
http://linkedart.ascdc.tw/lod/Person/PR0178,http://vocab.getty.edu/ontology#ulan1511_child_of,http://linkedart.ascdc.tw/lod/Person/PR0011
http://linkedart.ascdc.tw/lod/Person/PR0015,http://vocab.getty.edu/ontology#ulan2550_friend_of,http://linkedart.ascdc.tw/lod/Person/PR0085
http://linkedart.ascdc.tw/lod/Person/PR0250,http://vocab.getty.edu/ontology#ulan2550_friend_of,http://linkedart.ascdc.tw/lod/Person/PR0220
http://linkedart.ascdc.tw/lod/Person/PR0121,http://vocab.getty.edu/ontology#ulan1541_spouse_of,http://linkedart.ascdc.tw/lod/Person/PR0115
http://linkedart.ascdc.tw/lod/Person/PR0480,http://vocab.getty.edu/ontology#ulan1512_parent_of,http://linkedart.ascdc.tw/lod/Person/PR0059
http://linkedart.ascdc.tw/lod/Person/PR0114,http://vocab.getty.edu/ontology#ulan1541_spouse_of,http://linkedart.ascdc.tw/lod/Person/PR0013
http://linkedart.ascdc.tw/lod/Person/PR0092,http://vocab.getty.edu/ontology#ulan2550_friend_of,http://linkedart.ascdc.tw/lod/Person/PR0012
http://linkedart.ascdc.tw/lod/Person/PR0003,http://vocab.getty.edu/ontology#ulan2550_friend_of,http://linkedart.ascdc.tw/lod/Person/PR0037
http://linkedart.ascdc.tw/lod/Person/PR0250,http://vocab.getty.edu/ontology#ulan2550_friend_of,http://linkedart.ascdc.tw/lod/Person/PR0214
http://linkedart.ascdc.tw/lod/Person/PR0238,http://vocab.getty.edu/ontology#ulan2550_friend_of,http://linkedart.ascdc.tw/lod/Person/PR0001
http://linkedart.ascdc.tw/lod/Person/PR0093,http://vocab.getty.edu/ontology#ulan2550_friend_of,http://linkedart.ascdc.tw/lod/Person/PR0294
http://linkedart.ascdc.tw/lod/Person/PR0493,http://vocab.getty.edu/ontology#ulan1541_spouse_of,http://linkedart.ascdc.tw/lod/Person/PR0499
http://linkedart.ascdc.tw/lod/Person/PR0004,http://vocab.getty.edu/ontology#ulan2550_friend_of,http://linkedart.ascdc.tw/lod/Person/PR0041
http://linkedart.ascdc.tw/lod/Person/PR0457,http://vocab.getty.edu/ontology#ulan1541_spouse_of,http://linkedart.ascdc.tw/lod/Person/PR0452
http://linkedart.ascdc.tw/lod/Person/PR0137,http://vocab.getty.edu/ontology#ulan1511_child_of,http://linkedart.ascdc.tw/lod/Person/PR0205
http://linkedart.ascdc.tw/lod/Person/PR0210,http://vocab.getty.edu/ontology#ulan1541_spouse_of,http://linkedart.ascdc.tw/lod/Person/PR0415
http://linkedart.ascdc.tw/lod/Person/PR0210,http://vocab.getty.edu/ontology#ulan2550_friend_of,http://linkedart.ascdc.tw/lod/Person/PR0274
http://linkedart.ascdc.tw/lod/Person/PR0185,http://vocab.getty.edu/ontology#ulan1512_parent_of,http://linkedart.ascdc.tw/lod/Person/PR0012
http://linkedart.ascdc.tw/lod/Person/PR0103,http://vocab.getty.edu/ontology#ulan1511_child_of,http://linkedart.ascdc.tw/lod/Person/PR0100
http://linkedart.ascdc.tw/lod/Person/PR0335,http://vocab.getty.edu/ontology#ulan2550_friend_of,http://linkedart.ascdc.tw/lod/Person/PR0093
http://linkedart.ascdc.tw/lod/Person/PR0001,http://vocab.getty.edu/ontology#ulan1550_relative_by_marriage,http://linkedart.ascdc.tw/lod/Person/PR0011
http://linkedart.ascdc.tw/lod/Person/PR0413,http://vocab.getty.edu/ontology#ulan1512_parent_of,http://linkedart.ascdc.tw/lod/Person/PR0058
http://linkedart.ascdc.tw/lod/Person/PR0246,http://vocab.getty.edu/ontology#ulan1541_spouse_of,http://linkedart.ascdc.tw/lod/Person/PR0247
http://linkedart.ascdc.tw/lod/Person/PR0438,http://vocab.getty.edu/ontology#ulan1512_parent_of,http://linkedart.ascdc.tw/lod/Person/PR0209
http://linkedart.ascdc.tw/lod/Person/PR0210,http://vocab.getty.edu/ontology#ulan2550_friend_of,http://linkedart.ascdc.tw/lod/Person/PR0318
http://linkedart.ascdc.tw/lod/Person/PR0004,http://vocab.getty.edu/ontology#ulan1512_parent_of,http://linkedart.ascdc.tw/lod/Person/PR0202
http://linkedart.ascdc.tw/lod/Person/PR0156,http://vocab.getty.edu/ontology#ulan1512_parent_of,http://linkedart.ascdc.tw/lod/Person/PR0009
http://linkedart.ascdc.tw/lod/Person/PR0149,http://vocab.getty.edu/ontology#ulan1511_child_of,http://linkedart.ascdc.tw/lod/Person/PR0008
http://linkedart.ascdc.tw/lod/Person/PR0156,http://vocab.getty.edu/ontology#ulan1541_spouse_of,http://linkedart.ascdc.tw/lod/Person/PR0206
http://linkedart.ascdc.tw/lod/Person/PR0084,http://vocab.getty.edu/ontology#ulan1512_parent_of,http://linkedart.ascdc.tw/lod/Person/PR0424
http://linkedart.ascdc.tw/lod/Person/PR0003,http://vocab.getty.edu/ontology#ulan1512_parent_of,http://linkedart.ascdc.tw/lod/Person/PR0104
http://linkedart.ascdc.tw/lod/Person/PR0137,http://vocab.getty.edu/ontology#ulan1550_relative_by_marriage,http://linkedart.ascdc.tw/lod/Person/PR0002
http://linkedart.ascdc.tw/lod/Person/PR0465,http://vocab.getty.edu/ontology#ulan1541_spouse_of,http://linkedart.ascdc.tw/lod/Person/PR0208
http://linkedart.ascdc.tw/lod/Person/PR0210,http://vocab.getty.edu/ontology#ulan1512_parent_of,http://linkedart.ascdc.tw/lod/Person/PR0417
http://linkedart.ascdc.tw/lod/Person/PR0012,http://vocab.getty.edu/ontology#ulan1511_child_of,http://linkedart.ascdc.tw/lod/Person/PR0186
http://linkedart.ascdc.tw/lod/Person/PR0461,http://vocab.getty.edu/ontology#ulan1512_parent_of,http://linkedart.ascdc.tw/lod/Person/PR0208
http://linkedart.ascdc.tw/lod/Person/PR0001,http://vocab.getty.edu/ontology#ulan1512_parent_of,http://linkedart.ascdc.tw/lod/Person/PR0098
http://linkedart.ascdc.tw/lod/Person/PR0014,http://vocab.getty.edu/ontology#ulan1512_parent_of,http://linkedart.ascdc.tw/lod/Person/PR0195
http://linkedart.ascdc.tw/lod/Person/PR0011,http://vocab.getty.edu/ontology#ulan2550_friend_of,http://linkedart.ascdc.tw/lod/Person/PR0054
http://linkedart.ascdc.tw/lod/Person/PR0096,http://vocab.getty.edu/ontology#ulan2550_friend_of,http://linkedart.ascdc.tw/lod/Person/PR0001
http://linkedart.ascdc.tw/lod/Person/PR0041,http://vocab.getty.edu/ontology#ulan2550_friend_of,http://linkedart.ascdc.tw/lod/Person/PR0040
http://linkedart.ascdc.tw/lod/Person/PR0188,http://vocab.getty.edu/ontology#ulan1511_child_of,http://linkedart.ascdc.tw/lod/Person/PR0189
http://linkedart.ascdc.tw/lod/Person/PR0123,http://vocab.getty.edu/ontology#ulan1511_child_of,http://linkedart.ascdc.tw/lod/Person/PR0121
http://linkedart.ascdc.tw/lod/Person/PR0009,http://vocab.getty.edu/ontology#ulan2550_friend_of,http://linkedart.ascdc.tw/lod/Person/PR0074
http://linkedart.ascdc.tw/lod/Person/PR0459,http://vocab.getty.edu/ontology#ulan1511_child_of,http://linkedart.ascdc.tw/lod/Person/PR0211
http://linkedart.ascdc.tw/lod/Person/PR0115,http://vocab.getty.edu/ontology#ulan1512_parent_of,http://linkedart.ascdc.tw/lod/Person/PR0124
http://linkedart.ascdc.tw/lod/Person/PR0008,http://vocab.getty.edu/ontology#ulan1512_parent_of,http://linkedart.ascdc.tw/lod/Person/PR0149
http://linkedart.ascdc.tw/lod/Person/PR0126,http://vocab.getty.edu/ontology#ulan1512_parent_of,http://linkedart.ascdc.tw/lod/Person/PR0006
http://linkedart.ascdc.tw/lod/Person/PR0462,http://vocab.getty.edu/ontology#ulan1512_parent_of,http://linkedart.ascdc.tw/lod/Person/PR0208
http://linkedart.ascdc.tw/lod/Person/PR0013,http://vocab.getty.edu/ontology#ulan2550_friend_of,http://linkedart.ascdc.tw/lod/Person/PR0073
http://linkedart.ascdc.tw/lod/Person/PR0041,http://vocab.getty.edu/ontology#ulan1512_parent_of,http://linkedart.ascdc.tw/lod/Person/PR0041
http://linkedart.ascdc.tw/lod/Person/PR0183,http://vocab.getty.edu/ontology#ulan1511_child_of,http://linkedart.ascdc.tw/lod/Person/PR0112
http://linkedart.ascdc.tw/lod/Person/PR0008,http://vocab.getty.edu/ontology#ulan2550_friend_of,http://linkedart.ascdc.tw/lod/Person/PR0055
http://linkedart.ascdc.tw/lod/Person/PR0181,http://vocab.getty.edu/ontology#ulan1511_child_of,http://linkedart.ascdc.tw/lod/Person/PR0011
http://linkedart.ascdc.tw/lod/Person/PR0153,http://vocab.getty.edu/ontology#ulan1511_child_of,http://linkedart.ascdc.tw/lod/Person/PR0008
http://linkedart.ascdc.tw/lod/Person/PR0058,http://vocab.getty.edu/ontology#ulan1512_parent_of,http://linkedart.ascdc.tw/lod/Person/PR0406
http://linkedart.ascdc.tw/lod/Person/PR0058,http://vocab.getty.edu/ontology#ulan2550_friend_of,http://linkedart.ascdc.tw/lod/Person/PR0084
http://linkedart.ascdc.tw/lod/Person/PR0008,http://vocab.getty.edu/ontology#ulan1512_parent_of,http://linkedart.ascdc.tw/lod/Person/PR0150
http://linkedart.ascdc.tw/lod/Person/PR0009,http://vocab.getty.edu/ontology#ulan2550_friend_of,http://linkedart.ascdc.tw/lod/Person/PR0084
http://linkedart.ascdc.tw/lod/Person/PR0002,http://vocab.getty.edu/ontology#ulan1550_relative_by_marriage,http://linkedart.ascdc.tw/lod/Person/PR0137
http://linkedart.ascdc.tw/lod/Person/PR0006,http://vocab.getty.edu/ontology#ulan1511_child_of,http://linkedart.ascdc.tw/lod/Person/PR0125
http://linkedart.ascdc.tw/lod/Person/PR0008,http://vocab.getty.edu/ontology#ulan1512_parent_of,http://linkedart.ascdc.tw/lod/Person/PR0153
http://linkedart.ascdc.tw/lod/Person/PR0208,http://vocab.getty.edu/ontology#ulan1541_spouse_of,http://linkedart.ascdc.tw/lod/Person/PR0465
http://linkedart.ascdc.tw/lod/Person/PR0127,http://vocab.getty.edu/ontology#ulan1511_child_of,http://linkedart.ascdc.tw/lod/Person/PR0006
http://linkedart.ascdc.tw/lod/Person/PR0203,http://vocab.getty.edu/ontology#ulan1541_spouse_of,http://linkedart.ascdc.tw/lod/Person/PR0200
http://linkedart.ascdc.tw/lod/Person/PR0116,http://vocab.getty.edu/ontology#ulan1512_parent_of,http://linkedart.ascdc.tw/lod/Person/PR0164
http://linkedart.ascdc.tw/lod/Person/PR0211,http://vocab.getty.edu/ontology#ulan1512_parent_of,http://linkedart.ascdc.tw/lod/Person/PR0455
http://linkedart.ascdc.tw/lod/Person/PR0182,http://vocab.getty.edu/ontology#ulan1512_parent_of,http://linkedart.ascdc.tw/lod/Person/PR0011
http://linkedart.ascdc.tw/lod/Person/PR0012,http://vocab.getty.edu/ontology#ulan1511_child_of,http://linkedart.ascdc.tw/lod/Person/PR0185
http://linkedart.ascdc.tw/lod/Person/PR0428,http://vocab.getty.edu/ontology#ulan1512_parent_of,http://linkedart.ascdc.tw/lod/Person/PR0041
http://linkedart.ascdc.tw/lod/Person/PR0211,http://vocab.getty.edu/ontology#ulan1541_spouse_of,http://linkedart.ascdc.tw/lod/Person/PR0451
http://linkedart.ascdc.tw/lod/Person/PR0189,http://vocab.getty.edu/ontology#ulan1541_spouse_of,http://linkedart.ascdc.tw/lod/Person/PR0002
http://linkedart.ascdc.tw/lod/Person/PR0499,http://vocab.getty.edu/ontology#ulan1512_parent_of,http://linkedart.ascdc.tw/lod/Person/PR0079
http://linkedart.ascdc.tw/lod/Person/PR0006,http://vocab.getty.edu/ontology#ulan1541_spouse_of,http://linkedart.ascdc.tw/lod/Person/PR0158
http://linkedart.ascdc.tw/lod/Person/PR0105,http://vocab.getty.edu/ontology#ulan1512_parent_of,http://linkedart.ascdc.tw/lod/Person/PR0001
http://linkedart.ascdc.tw/lod/Person/PR0174,http://vocab.getty.edu/ontology#ulan1511_child_of,http://linkedart.ascdc.tw/lod/Person/PR0011
http://linkedart.ascdc.tw/lod/Person/PR0007,http://vocab.getty.edu/ontology#ulan1511_child_of,http://linkedart.ascdc.tw/lod/Person/PR0121
http://linkedart.ascdc.tw/lod/Person/PR0003,http://vocab.getty.edu/ontology#ulan1512_parent_of,http://linkedart.ascdc.tw/lod/Person/PR0106
http://linkedart.ascdc.tw/lod/Person/PR0097,http://vocab.getty.edu/ontology#ulan1511_child_of,http://linkedart.ascdc.tw/lod/Person/PR0204
http://linkedart.ascdc.tw/lod/Person/PR0101,http://vocab.getty.edu/ontology#ulan1512_parent_of,http://linkedart.ascdc.tw/lod/Person/PR0002
http://linkedart.ascdc.tw/lod/Person/PR0007,http://vocab.getty.edu/ontology#ulan1512_parent_of,http://linkedart.ascdc.tw/lod/Person/PR0144
http://linkedart.ascdc.tw/lod/Person/PR0001,http://vocab.getty.edu/ontology#ulan1512_parent_of,http://linkedart.ascdc.tw/lod/Person/PR0111
http://linkedart.ascdc.tw/lod/Person/PR0326,http://vocab.getty.edu/ontology#ulan2550_friend_of,http://linkedart.ascdc.tw/lod/Person/PR0210
http://linkedart.ascdc.tw/lod/Person/PR0011,http://vocab.getty.edu/ontology#ulan1512_parent_of,http://linkedart.ascdc.tw/lod/Person/PR0178
http://linkedart.ascdc.tw/lod/Person/PR0121,http://vocab.getty.edu/ontology#ulan1512_parent_of,http://linkedart.ascdc.tw/lod/Person/PR0123
http://linkedart.ascdc.tw/lod/Person/PR0184,http://vocab.getty.edu/ontology#ulan1512_parent_of,http://linkedart.ascdc.tw/lod/Person/PR0004
http://linkedart.ascdc.tw/lod/Person/PR0099,http://vocab.getty.edu/ontology#ulan1511_child_of,http://linkedart.ascdc.tw/lod/Person/PR0102
http://linkedart.ascdc.tw/lod/Person/PR0106,http://vocab.getty.edu/ontology#ulan1511_child_of,http://linkedart.ascdc.tw/lod/Person/PR0171
http://linkedart.ascdc.tw/lod/Person/PR0171,http://vocab.getty.edu/ontology#ulan1541_spouse_of,http://linkedart.ascdc.tw/lod/Person/PR0003
http://linkedart.ascdc.tw/lod/Person/PR0040,http://vocab.getty.edu/ontology#ulan2550_friend_of,http://linkedart.ascdc.tw/lod/Person/PR0011
http://linkedart.ascdc.tw/lod/Person/PR0296,http://vocab.getty.edu/ontology#ulan2550_friend_of,http://linkedart.ascdc.tw/lod/Person/PR0209
http://linkedart.ascdc.tw/lod/Person/PR0071,http://vocab.getty.edu/ontology#ulan2550_friend_of,http://linkedart.ascdc.tw/lod/Person/PR0015
http://linkedart.ascdc.tw/lod/Person/PR0155,http://vocab.getty.edu/ontology#ulan1511_child_of,http://linkedart.ascdc.tw/lod/Person/PR0008
http://linkedart.ascdc.tw/lod/Person/PR0139,http://vocab.getty.edu/ontology#ulan1511_child_of,http://linkedart.ascdc.tw/lod/Person/PR0121
http://linkedart.ascdc.tw/lod/Person/PR0495,http://vocab.getty.edu/ontology#ulan1511_child_of,http://linkedart.ascdc.tw/lod/Person/PR0079
http://linkedart.ascdc.tw/lod/Person/PR0113,http://vocab.getty.edu/ontology#ulan1511_child_of,http://linkedart.ascdc.tw/lod/Person/PR0083
http://linkedart.ascdc.tw/lod/Person/PR0171,http://vocab.getty.edu/ontology#ulan1512_parent_of,http://linkedart.ascdc.tw/lod/Person/PR0104
http://linkedart.ascdc.tw/lod/Person/PR0408,http://vocab.getty.edu/ontology#ulan1511_child_of,http://linkedart.ascdc.tw/lod/Person/PR0058
http://linkedart.ascdc.tw/lod/Person/PR0121,http://vocab.getty.edu/ontology#ulan1512_parent_of,http://linkedart.ascdc.tw/lod/Person/PR0124
http://linkedart.ascdc.tw/lod/Person/PR0188,http://vocab.getty.edu/ontology#ulan1550_relative_by_marriage,http://linkedart.ascdc.tw/lod/Person/PR0007
http://linkedart.ascdc.tw/lod/Person/PR0004,http://vocab.getty.edu/ontology#ulan1512_parent_of,http://linkedart.ascdc.tw/lod/Person/PR0113
http://linkedart.ascdc.tw/lod/Person/PR0079,http://vocab.getty.edu/ontology#ulan1512_parent_of,http://linkedart.ascdc.tw/lod/Person/PR0492
http://linkedart.ascdc.tw/lod/Person/PR0015,http://vocab.getty.edu/ontology#ulan1541_spouse_of,http://linkedart.ascdc.tw/lod/Person/PR0191
http://linkedart.ascdc.tw/lod/Person/PR0002,http://vocab.getty.edu/ontology#ulan1550_relative_by_marriage,http://linkedart.ascdc.tw/lod/Person/PR0187
http://linkedart.ascdc.tw/lod/Person/PR0489,http://vocab.getty.edu/ontology#ulan1512_parent_of,http://linkedart.ascdc.tw/lod/Person/PR0488
http://linkedart.ascdc.tw/lod/Person/PR0204,http://vocab.getty.edu/ontology#ulan1512_parent_of,http://linkedart.ascdc.tw/lod/Person/PR0098
http://linkedart.ascdc.tw/lod/Person/PR0058,http://vocab.getty.edu/ontology#ulan1511_child_of,http://linkedart.ascdc.tw/lod/Person/PR0405
http://linkedart.ascdc.tw/lod/Person/PR0085,http://vocab.getty.edu/ontology#ulan2550_friend_of,http://linkedart.ascdc.tw/lod/Person/PR0015
http://linkedart.ascdc.tw/lod/Person/PR0055,http://vocab.getty.edu/ontology#ulan2550_friend_of,http://linkedart.ascdc.tw/lod/Person/PR0008
http://linkedart.ascdc.tw/lod/Person/PR0058,http://vocab.getty.edu/ontology#ulan1512_parent_of,http://linkedart.ascdc.tw/lod/Person/PR0411
http://linkedart.ascdc.tw/lod/Person/PR0128,http://vocab.getty.edu/ontology#ulan1511_child_of,http://linkedart.ascdc.tw/lod/Person/PR0006
http://linkedart.ascdc.tw/lod/Person/PR0143,http://vocab.getty.edu/ontology#ulan1511_child_of,http://linkedart.ascdc.tw/lod/Person/PR0115
http://linkedart.ascdc.tw/lod/Person/PR0084,http://vocab.getty.edu/ontology#ulan1541_spouse_of,http://linkedart.ascdc.tw/lod/Person/PR0427
http://linkedart.ascdc.tw/lod/Person/PR0113,http://vocab.getty.edu/ontology#ulan1511_child_of,http://linkedart.ascdc.tw/lod/Person/PR0004
http://linkedart.ascdc.tw/lod/Person/PR0141,http://vocab.getty.edu/ontology#ulan1511_child_of,http://linkedart.ascdc.tw/lod/Person/PR0007
http://linkedart.ascdc.tw/lod/Person/PR0062,http://vocab.getty.edu/ontology#ulan2550_friend_of,http://linkedart.ascdc.tw/lod/Person/PR0009
http://linkedart.ascdc.tw/lod/Person/PR0048,http://vocab.getty.edu/ontology#ulan2550_friend_of,http://linkedart.ascdc.tw/lod/Person/PR0005
http://linkedart.ascdc.tw/lod/Person/PR0013,http://vocab.getty.edu/ontology#ulan2550_friend_of,http://linkedart.ascdc.tw/lod/Person/PR0006
http://linkedart.ascdc.tw/lod/Person/PR0007,http://vocab.getty.edu/ontology#ulan1512_parent_of,http://linkedart.ascdc.tw/lod/Person/PR0137
http://linkedart.ascdc.tw/lod/Person/PR0015,http://vocab.getty.edu/ontology#ulan1511_child_of,http://linkedart.ascdc.tw/lod/Person/PR0200
http://linkedart.ascdc.tw/lod/Person/PR0041,http://vocab.getty.edu/ontology#ulan1541_spouse_of,http://linkedart.ascdc.tw/lod/Person/PR0431
http://linkedart.ascdc.tw/lod/Person/PR0001,http://vocab.getty.edu/ontology#ulan1511_child_of,http://linkedart.ascdc.tw/lod/Person/PR0190
http://linkedart.ascdc.tw/lod/Person/PR0211,http://vocab.getty.edu/ontology#ulan1512_parent_of,http://linkedart.ascdc.tw/lod/Person/PR0456
http://linkedart.ascdc.tw/lod/Person/PR0084,http://vocab.getty.edu/ontology#ulan1511_child_of,http://linkedart.ascdc.tw/lod/Person/PR0423
http://linkedart.ascdc.tw/lod/Person/PR0063,http://vocab.getty.edu/ontology#ulan2550_friend_of,http://linkedart.ascdc.tw/lod/Person/PR0009
http://linkedart.ascdc.tw/lod/Person/PR0084,http://vocab.getty.edu/ontology#ulan2550_friend_of,http://linkedart.ascdc.tw/lod/Person/PR0019
http://linkedart.ascdc.tw/lod/Person/PR0002,http://vocab.getty.edu/ontology#ulan1541_spouse_of,http://linkedart.ascdc.tw/lod/Person/PR0189
http://linkedart.ascdc.tw/lod/Person/PR0208,http://vocab.getty.edu/ontology#ulan1511_child_of,http://linkedart.ascdc.tw/lod/Person/PR0461
http://linkedart.ascdc.tw/lod/Person/PR0452,http://vocab.getty.edu/ontology#ulan1512_parent_of,http://linkedart.ascdc.tw/lod/Person/PR0211
http://linkedart.ascdc.tw/lod/Person/PR0117,http://vocab.getty.edu/ontology#ulan1541_spouse_of,http://linkedart.ascdc.tw/lod/Person/PR0182
http://linkedart.ascdc.tw/lod/Person/PR0197,http://vocab.getty.edu/ontology#ulan1511_child_of,http://linkedart.ascdc.tw/lod/Person/PR0200
http://linkedart.ascdc.tw/lod/Person/PR0147,http://vocab.getty.edu/ontology#ulan1541_spouse_of,http://linkedart.ascdc.tw/lod/Person/PR0148
http://linkedart.ascdc.tw/lod/Person/PR0099,http://vocab.getty.edu/ontology#ulan1511_child_of,http://linkedart.ascdc.tw/lod/Person/PR0100
http://linkedart.ascdc.tw/lod/Person/PR0405,http://vocab.getty.edu/ontology#ulan1541_spouse_of,http://linkedart.ascdc.tw/lod/Person/PR0413
http://linkedart.ascdc.tw/lod/Person/PR0413,http://vocab.getty.edu/ontology#ulan1541_spouse_of,http://linkedart.ascdc.tw/lod/Person/PR0405
http://linkedart.ascdc.tw/lod/Person/PR0137,http://vocab.getty.edu/ontology#ulan1550_relative_by_marriage,http://linkedart.ascdc.tw/lod/Person/PR0188
http://linkedart.ascdc.tw/lod/Person/PR0069,http://vocab.getty.edu/ontology#ulan2550_friend_of,http://linkedart.ascdc.tw/lod/Person/PR0009
http://linkedart.ascdc.tw/lod/Person/PR0431,http://vocab.getty.edu/ontology#ulan1511_child_of,http://linkedart.ascdc.tw/lod/Person/PR0432
http://linkedart.ascdc.tw/lod/Person/PR0140,http://vocab.getty.edu/ontology#ulan1511_child_of,http://linkedart.ascdc.tw/lod/Person/PR0121
http://linkedart.ascdc.tw/lod/Person/PR0015,http://vocab.getty.edu/ontology#ulan2550_friend_of,http://linkedart.ascdc.tw/lod/Person/PR0058
http://linkedart.ascdc.tw/lod/Person/PR0148,http://vocab.getty.edu/ontology#ulan1541_spouse_of,http://linkedart.ascdc.tw/lod/Person/PR0147
http://linkedart.ascdc.tw/lod/Person/PR0171,http://vocab.getty.edu/ontology#ulan1512_parent_of,http://linkedart.ascdc.tw/lod/Person/PR0106
http://linkedart.ascdc.tw/lod/Person/PR0468,http://vocab.getty.edu/ontology#ulan1511_child_of,http://linkedart.ascdc.tw/lod/Person/PR0463
http://linkedart.ascdc.tw/lod/Person/PR0079,http://vocab.getty.edu/ontology#ulan1541_spouse_of,http://linkedart.ascdc.tw/lod/Person/PR0497
http://linkedart.ascdc.tw/lod/Person/PR0001,http://vocab.getty.edu/ontology#ulan1512_parent_of,http://linkedart.ascdc.tw/lod/Person/PR0097
http://linkedart.ascdc.tw/lod/Person/PR0188,http://vocab.getty.edu/ontology#ulan1541_spouse_of,http://linkedart.ascdc.tw/lod/Person/PR0187
http://linkedart.ascdc.tw/lod/Person/PR0405,http://vocab.getty.edu/ontology#ulan1512_parent_of,http://linkedart.ascdc.tw/lod/Person/PR0058
http://linkedart.ascdc.tw/lod/Person/PR0132,http://vocab.getty.edu/ontology#ulan1511_child_of,http://linkedart.ascdc.tw/lod/Person/PR0006
http://linkedart.ascdc.tw/lod/Person/PR0431,http://vocab.getty.edu/ontology#ulan1541_spouse_of,http://linkedart.ascdc.tw/lod/Person/PR0041
http://linkedart.ascdc.tw/lod/Person/PR0009,http://vocab.getty.edu/ontology#ulan2550_friend_of,http://linkedart.ascdc.tw/lod/Person/PR0069
http://linkedart.ascdc.tw/lod/Person/PR0112,http://vocab.getty.edu/ontology#ulan1512_parent_of,http://linkedart.ascdc.tw/lod/Person/PR0183
http://linkedart.ascdc.tw/lod/Person/PR0154,http://vocab.getty.edu/ontology#ulan1511_child_of,http://linkedart.ascdc.tw/lod/Person/PR0008
http://linkedart.ascdc.tw/lod/Person/PR0079,http://vocab.getty.edu/ontology#ulan2550_friend_of,http://linkedart.ascdc.tw/lod/Person/PR0210
http://linkedart.ascdc.tw/lod/Person/PR0194,http://vocab.getty.edu/ontology#ulan1511_child_of,http://linkedart.ascdc.tw/lod/Person/PR0014
http://linkedart.ascdc.tw/lod/Person/PR0480,http://vocab.getty.edu/ontology#ulan1541_spouse_of,http://linkedart.ascdc.tw/lod/Person/PR0483
http://linkedart.ascdc.tw/lod/Person/PR0137,http://vocab.getty.edu/ontology#ulan1512_parent_of,http://linkedart.ascdc.tw/lod/Person/PR0187
http://linkedart.ascdc.tw/lod/Person/PR0006,http://vocab.getty.edu/ontology#ulan1512_parent_of,http://linkedart.ascdc.tw/lod/Person/PR0128
http://linkedart.ascdc.tw/lod/Person/PR0297,http://vocab.getty.edu/ontology#ulan2550_friend_of,http://linkedart.ascdc.tw/lod/Person/PR0059
http://linkedart.ascdc.tw/lod/Person/PR0210,http://vocab.getty.edu/ontology#ulan2550_friend_of,http://linkedart.ascdc.tw/lod/Person/PR0311
http://linkedart.ascdc.tw/lod/Person/PR0098,http://vocab.getty.edu/ontology#ulan1511_child_of,http://linkedart.ascdc.tw/lod/Person/PR0001
http://linkedart.ascdc.tw/lod/Person/PR0414,http://vocab.getty.edu/ontology#ulan1541_spouse_of,http://linkedart.ascdc.tw/lod/Person/PR0210
http://linkedart.ascdc.tw/lod/Person/PR0041,http://vocab.getty.edu/ontology#ulan2550_friend_of,http://linkedart.ascdc.tw/lod/Person/PR0005
http://linkedart.ascdc.tw/lod/Person/PR0204,http://vocab.getty.edu/ontology#ulan1512_parent_of,http://linkedart.ascdc.tw/lod/Person/PR0111
http://linkedart.ascdc.tw/lod/Person/PR0108,http://vocab.getty.edu/ontology#ulan1511_child_of,http://linkedart.ascdc.tw/lod/Person/PR0204
http://linkedart.ascdc.tw/lod/Person/PR0418,http://vocab.getty.edu/ontology#ulan1511_child_of,http://linkedart.ascdc.tw/lod/Person/PR0210
http://linkedart.ascdc.tw/lod/Person/PR0208,http://vocab.getty.edu/ontology#ulan1512_parent_of,http://linkedart.ascdc.tw/lod/Person/PR0460
http://linkedart.ascdc.tw/lod/Person/PR0187,http://vocab.getty.edu/ontology#ulan1541_spouse_of,http://linkedart.ascdc.tw/lod/Person/PR0188
http://linkedart.ascdc.tw/lod/Person/PR0172,http://vocab.getty.edu/ontology#ulan1511_child_of,http://linkedart.ascdc.tw/lod/Person/PR0173
http://linkedart.ascdc.tw/lod/Person/PR0110,http://vocab.getty.edu/ontology#ulan1512_parent_of,http://linkedart.ascdc.tw/lod/Person/PR0109
http://linkedart.ascdc.tw/lod/Person/PR0116,http://vocab.getty.edu/ontology#ulan1512_parent_of,http://linkedart.ascdc.tw/lod/Person/PR0167
http://linkedart.ascdc.tw/lod/Person/PR0447,http://vocab.getty.edu/ontology#ulan1511_child_of,http://linkedart.ascdc.tw/lod/Person/PR0095
http://linkedart.ascdc.tw/lod/Person/PR0294,http://vocab.getty.edu/ontology#ulan2550_friend_of,http://linkedart.ascdc.tw/lod/Person/PR0335
http://linkedart.ascdc.tw/lod/Person/PR0488,http://vocab.getty.edu/ontology#ulan1541_spouse_of,http://linkedart.ascdc.tw/lod/Person/PR0059
http://linkedart.ascdc.tw/lod/Person/PR0210,http://vocab.getty.edu/ontology#ulan2550_friend_of,http://linkedart.ascdc.tw/lod/Person/PR0284
http://linkedart.ascdc.tw/lod/Person/PR0051,http://vocab.getty.edu/ontology#ulan2550_friend_of,http://linkedart.ascdc.tw/lod/Person/PR0010
http://linkedart.ascdc.tw/lod/Person/PR0061,http://vocab.getty.edu/ontology#ulan2550_friend_of,http://linkedart.ascdc.tw/lod/Person/PR0013
http://linkedart.ascdc.tw/lod/Person/PR0442,http://vocab.getty.edu/ontology#ulan1512_parent_of,http://linkedart.ascdc.tw/lod/Person/PR0095
http://linkedart.ascdc.tw/lod/Person/PR0125,http://vocab.getty.edu/ontology#ulan1512_parent_of,http://linkedart.ascdc.tw/lod/Person/PR0006
http://linkedart.ascdc.tw/lod/Person/PR0214,http://vocab.getty.edu/ontology#ulan2550_friend_of,http://linkedart.ascdc.tw/lod/Person/PR0220
http://linkedart.ascdc.tw/lod/Person/PR0058,http://vocab.getty.edu/ontology#ulan2550_friend_of,http://linkedart.ascdc.tw/lod/Person/PR0007
http://linkedart.ascdc.tw/lod/Person/PR0119,http://vocab.getty.edu/ontology#ulan1511_child_of,http://linkedart.ascdc.tw/lod/Person/PR0115
http://linkedart.ascdc.tw/lod/Person/PR0009,http://vocab.getty.edu/ontology#ulan1512_parent_of,http://linkedart.ascdc.tw/lod/Person/PR0164
http://linkedart.ascdc.tw/lod/Person/PR0244,http://vocab.getty.edu/ontology#ulan1541_spouse_of,http://linkedart.ascdc.tw/lod/Person/PR0240
http://linkedart.ascdc.tw/lod/Person/PR0093,http://vocab.getty.edu/ontology#ulan2550_friend_of,http://linkedart.ascdc.tw/lod/Person/PR0335
http://linkedart.ascdc.tw/lod/Person/PR0007,http://vocab.getty.edu/ontology#ulan1550_relative_by_marriage,http://linkedart.ascdc.tw/lod/Person/PR0188
http://linkedart.ascdc.tw/lod/Person/PR0058,http://vocab.getty.edu/ontology#ulan1512_parent_of,http://linkedart.ascdc.tw/lod/Person/PR0410
http://linkedart.ascdc.tw/lod/Person/PR0170,http://vocab.getty.edu/ontology#ulan1511_child_of,http://linkedart.ascdc.tw/lod/Person/PR0184
http://linkedart.ascdc.tw/lod/Person/PR0116,http://vocab.getty.edu/ontology#ulan1512_parent_of,http://linkedart.ascdc.tw/lod/Person/PR0162
http://linkedart.ascdc.tw/lod/Person/PR0133,http://vocab.getty.edu/ontology#ulan1541_spouse_of,http://linkedart.ascdc.tw/lod/Person/PR0125
http://linkedart.ascdc.tw/lod/Person/PR0183,http://vocab.getty.edu/ontology#ulan1511_child_of,http://linkedart.ascdc.tw/lod/Person/PR0005
http://linkedart.ascdc.tw/lod/Person/PR0163,http://vocab.getty.edu/ontology#ulan1511_child_of,http://linkedart.ascdc.tw/lod/Person/PR0009
http://linkedart.ascdc.tw/lod/Person/PR0116,http://vocab.getty.edu/ontology#ulan1512_parent_of,http://linkedart.ascdc.tw/lod/Person/PR0157
http://linkedart.ascdc.tw/lod/Person/PR0015,http://vocab.getty.edu/ontology#ulan2550_friend_of,http://linkedart.ascdc.tw/lod/Person/PR0082
http://linkedart.ascdc.tw/lod/Person/PR0084,http://vocab.getty.edu/ontology#ulan1512_parent_of,http://linkedart.ascdc.tw/lod/Person/PR0425
http://linkedart.ascdc.tw/lod/Person/PR0093,http://vocab.getty.edu/ontology#ulan1511_child_of,http://linkedart.ascdc.tw/lod/Person/PR0473
http://linkedart.ascdc.tw/lod/Person/PR0001,http://vocab.getty.edu/ontology#ulan1511_child_of,http://linkedart.ascdc.tw/lod/Person/PR0105
http://linkedart.ascdc.tw/lod/Person/PR0147,http://vocab.getty.edu/ontology#ulan1512_parent_of,http://linkedart.ascdc.tw/lod/Person/PR0008
http://linkedart.ascdc.tw/lod/Person/PR0008,http://vocab.getty.edu/ontology#ulan2550_friend_of,http://linkedart.ascdc.tw/lod/Person/PR0089
http://linkedart.ascdc.tw/lod/Person/PR0211,http://vocab.getty.edu/ontology#ulan1512_parent_of,http://linkedart.ascdc.tw/lod/Person/PR0453
http://linkedart.ascdc.tw/lod/Person/PR0006,http://vocab.getty.edu/ontology#ulan1511_child_of,http://linkedart.ascdc.tw/lod/Person/PR0133
http://linkedart.ascdc.tw/lod/Person/PR0015,http://vocab.getty.edu/ontology#ulan2550_friend_of,http://linkedart.ascdc.tw/lod/Person/PR0011
http://linkedart.ascdc.tw/lod/Person/PR0394,http://vocab.getty.edu/ontology#ulan2550_friend_of,http://linkedart.ascdc.tw/lod/Person/PR0079
http://linkedart.ascdc.tw/lod/Person/PR0423,http://vocab.getty.edu/ontology#ulan1541_spouse_of,http://linkedart.ascdc.tw/lod/Person/PR0422
http://linkedart.ascdc.tw/lod/Person/PR0186,http://vocab.getty.edu/ontology#ulan1512_parent_of,http://linkedart.ascdc.tw/lod/Person/PR0012
http://linkedart.ascdc.tw/lod/Person/PR0374,http://vocab.getty.edu/ontology#ulan2550_friend_of,http://linkedart.ascdc.tw/lod/Person/PR0095
http://linkedart.ascdc.tw/lod/Person/PR0116,http://vocab.getty.edu/ontology#ulan1512_parent_of,http://linkedart.ascdc.tw/lod/Person/PR0161
http://linkedart.ascdc.tw/lod/Person/PR0148,http://vocab.getty.edu/ontology#ulan1512_parent_of,http://linkedart.ascdc.tw/lod/Person/PR0008
http://linkedart.ascdc.tw/lod/Person/PR0161,http://vocab.getty.edu/ontology#ulan1511_child_of,http://linkedart.ascdc.tw/lod/Person/PR0009
http://linkedart.ascdc.tw/lod/Person/PR0133,http://vocab.getty.edu/ontology#ulan1512_parent_of,http://linkedart.ascdc.tw/lod/Person/PR0006
http://linkedart.ascdc.tw/lod/Person/PR0058,http://vocab.getty.edu/ontology#ulan2550_friend_of,http://linkedart.ascdc.tw/lod/Person/PR0015
http://linkedart.ascdc.tw/lod/Person/PR0470,http://vocab.getty.edu/ontology#ulan1511_child_of,http://linkedart.ascdc.tw/lod/Person/PR0093
http://linkedart.ascdc.tw/lod/Person/PR0122,http://vocab.getty.edu/ontology#ulan1511_child_of,http://linkedart.ascdc.tw/lod/Person/PR0115
http://linkedart.ascdc.tw/lod/Person/PR0041,http://vocab.getty.edu/ontology#ulan1511_child_of,http://linkedart.ascdc.tw/lod/Person/PR0428
http://linkedart.ascdc.tw/lod/Person/PR0157,http://vocab.getty.edu/ontology#ulan1511_child_of,http://linkedart.ascdc.tw/lod/Person/PR0009
http://linkedart.ascdc.tw/lod/Person/PR0053,http://vocab.getty.edu/ontology#ulan1511_child_of,http://linkedart.ascdc.tw/lod/Person/PR0204
http://linkedart.ascdc.tw/lod/Person/PR0166,http://vocab.getty.edu/ontology#ulan1511_child_of,http://linkedart.ascdc.tw/lod/Person/PR0009
http://linkedart.ascdc.tw/lod/Person/PR0462,http://vocab.getty.edu/ontology#ulan1541_spouse_of,http://linkedart.ascdc.tw/lod/Person/PR0461
http://linkedart.ascdc.tw/lod/Person/PR0079,http://vocab.getty.edu/ontology#ulan2550_friend_of,http://linkedart.ascdc.tw/lod/Person/PR0346
http://linkedart.ascdc.tw/lod/Person/PR0422,http://vocab.getty.edu/ontology#ulan1511_child_of,http://linkedart.ascdc.tw/lod/Person/PR0084
http://linkedart.ascdc.tw/lod/Person/PR0005,http://vocab.getty.edu/ontology#ulan1512_parent_of,http://linkedart.ascdc.tw/lod/Person/PR0201
http://linkedart.ascdc.tw/lod/Person/PR0003,http://vocab.getty.edu/ontology#ulan2550_friend_of,http://linkedart.ascdc.tw/lod/Person/PR0023
http://linkedart.ascdc.tw/lod/Person/PR0010,http://vocab.getty.edu/ontology#ulan2550_friend_of,http://linkedart.ascdc.tw/lod/Person/PR0051
http://linkedart.ascdc.tw/lod/Person/PR0204,http://vocab.getty.edu/ontology#ulan1512_parent_of,http://linkedart.ascdc.tw/lod/Person/PR0097
http://linkedart.ascdc.tw/lod/Person/PR0187,http://vocab.getty.edu/ontology#ulan1550_relative_by_marriage,http://linkedart.ascdc.tw/lod/Person/PR0002
http://linkedart.ascdc.tw/lod/Person/PR0220,http://vocab.getty.edu/ontology#ulan2550_friend_of,http://linkedart.ascdc.tw/lod/Person/PR0250
